"Ativo","Data","Fechamento|ajust p/ prov|Em moeda orig"
"IBOV<XBSP>","2016-12-30","-"
"IBOV<XBSP>","2017-01-02",59588
"IBOV<XBSP>","2017-01-03",61813
"IBOV<XBSP>","2017-01-04",61589
"IBOV<XBSP>","2017-01-05",62070
"IBOV<XBSP>","2017-01-06",61665
"IBOV<XBSP>","2017-01-09",61700
"IBOV<XBSP>","2017-01-10",62131
"IBOV<XBSP>","2017-01-11",62446
"IBOV<XBSP>","2017-01-12",63953
"IBOV<XBSP>","2017-01-13",63651
"IBOV<XBSP>","2017-01-16",63831
"IBOV<XBSP>","2017-01-17",64354
"IBOV<XBSP>","2017-01-18",64149
"IBOV<XBSP>","2017-01-19",63950
"IBOV<XBSP>","2017-01-20",64521
"IBOV<XBSP>","2017-01-23",65748
"IBOV<XBSP>","2017-01-24",65840
"IBOV<XBSP>","2017-01-25","-"
"IBOV<XBSP>","2017-01-26",66190
"IBOV<XBSP>","2017-01-27",66033
"IBOV<XBSP>","2017-01-30",64301
"IBOV<XBSP>","2017-01-31",64670
"IBOV<XBSP>","2017-02-01",64836
"IBOV<XBSP>","2017-02-02",64578
"IBOV<XBSP>","2017-02-03",64953
"IBOV<XBSP>","2017-02-06",63992
"IBOV<XBSP>","2017-02-07",64198
"IBOV<XBSP>","2017-02-08",64835
"IBOV<XBSP>","2017-02-09",64964
"IBOV<XBSP>","2017-02-10",66124
"IBOV<XBSP>","2017-02-13",66967
"IBOV<XBSP>","2017-02-14",66712
"IBOV<XBSP>","2017-02-15",67975
"IBOV<XBSP>","2017-02-16",67814
"IBOV<XBSP>","2017-02-17",67748
"IBOV<XBSP>","2017-02-20",68532
"IBOV<XBSP>","2017-02-21",69052
"IBOV<XBSP>","2017-02-22",68589
"IBOV<XBSP>","2017-02-23",67461
"IBOV<XBSP>","2017-02-24",66662
"IBOV<XBSP>","2017-02-27","-"
"IBOV<XBSP>","2017-02-28","-"
"IBOV<XBSP>","2017-03-01",66988
"IBOV<XBSP>","2017-03-02",65854
"IBOV<XBSP>","2017-03-03",66785
"IBOV<XBSP>","2017-03-06",66341
"IBOV<XBSP>","2017-03-07",65742
"IBOV<XBSP>","2017-03-08",64718
"IBOV<XBSP>","2017-03-09",64585
"IBOV<XBSP>","2017-03-10",64675
"IBOV<XBSP>","2017-03-13",65534
"IBOV<XBSP>","2017-03-14",64699
"IBOV<XBSP>","2017-03-15",66234
"IBOV<XBSP>","2017-03-16",65782
"IBOV<XBSP>","2017-03-17",64209
"IBOV<XBSP>","2017-03-20",64884
"IBOV<XBSP>","2017-03-21",62980
"IBOV<XBSP>","2017-03-22",63521
"IBOV<XBSP>","2017-03-23",63530
"IBOV<XBSP>","2017-03-24",63853
"IBOV<XBSP>","2017-03-27",64308
"IBOV<XBSP>","2017-03-28",64640
"IBOV<XBSP>","2017-03-29",65528
"IBOV<XBSP>","2017-03-30",65265
"IBOV<XBSP>","2017-03-31",64984
"IBOV<XBSP>","2017-04-03",65211
"IBOV<XBSP>","2017-04-04",65768
"IBOV<XBSP>","2017-04-05",64774
"IBOV<XBSP>","2017-04-06",64222
"IBOV<XBSP>","2017-04-07",64593
"IBOV<XBSP>","2017-04-10",64649
"IBOV<XBSP>","2017-04-11",64359
"IBOV<XBSP>","2017-04-12",63891
"IBOV<XBSP>","2017-04-13",62826
"IBOV<XBSP>","2017-04-14","-"
"IBOV<XBSP>","2017-04-17",64334
"IBOV<XBSP>","2017-04-18",64158
"IBOV<XBSP>","2017-04-19",63406
"IBOV<XBSP>","2017-04-20",63760
"IBOV<XBSP>","2017-04-21","-"
"IBOV<XBSP>","2017-04-24",64389
"IBOV<XBSP>","2017-04-25",65148
"IBOV<XBSP>","2017-04-26",64861
"IBOV<XBSP>","2017-04-27",64676
"IBOV<XBSP>","2017-04-28",65403
"IBOV<XBSP>","2017-05-01","-"
"IBOV<XBSP>","2017-05-02",66721
"IBOV<XBSP>","2017-05-03",66093
"IBOV<XBSP>","2017-05-04",64862
"IBOV<XBSP>","2017-05-05",65709
"IBOV<XBSP>","2017-05-08",65526
"IBOV<XBSP>","2017-05-09",66277
"IBOV<XBSP>","2017-05-10",67349
"IBOV<XBSP>","2017-05-11",67537
"IBOV<XBSP>","2017-05-12",68221
"IBOV<XBSP>","2017-05-15",68474
"IBOV<XBSP>","2017-05-16",68684
"IBOV<XBSP>","2017-05-17",67540
"IBOV<XBSP>","2017-05-18",61597
"IBOV<XBSP>","2017-05-19",62639
"IBOV<XBSP>","2017-05-22",61673
"IBOV<XBSP>","2017-05-23",62662
"IBOV<XBSP>","2017-05-24",63257
"IBOV<XBSP>","2017-05-25",63226
"IBOV<XBSP>","2017-05-26",64085
"IBOV<XBSP>","2017-05-29",63760
"IBOV<XBSP>","2017-05-30",63962
"IBOV<XBSP>","2017-05-31",62711
"IBOV<XBSP>","2017-06-01",62288
"IBOV<XBSP>","2017-06-02",62510
"IBOV<XBSP>","2017-06-05",62450
"IBOV<XBSP>","2017-06-06",62954
"IBOV<XBSP>","2017-06-07",63170
"IBOV<XBSP>","2017-06-08",62755
"IBOV<XBSP>","2017-06-09",62210
"IBOV<XBSP>","2017-06-12",61700
"IBOV<XBSP>","2017-06-13",61828
"IBOV<XBSP>","2017-06-14",61922
"IBOV<XBSP>","2017-06-15","-"
"IBOV<XBSP>","2017-06-16",61626
"IBOV<XBSP>","2017-06-19",62014
"IBOV<XBSP>","2017-06-20",60766
"IBOV<XBSP>","2017-06-21",60761
"IBOV<XBSP>","2017-06-22",61272
"IBOV<XBSP>","2017-06-23",61087
"IBOV<XBSP>","2017-06-26",62188
"IBOV<XBSP>","2017-06-27",61675
"IBOV<XBSP>","2017-06-28",62017
"IBOV<XBSP>","2017-06-29",62238
"IBOV<XBSP>","2017-06-30",62899
"IBOV<XBSP>","2017-07-03",63279
"IBOV<XBSP>","2017-07-04",63231
"IBOV<XBSP>","2017-07-05",63154
"IBOV<XBSP>","2017-07-06",62470
"IBOV<XBSP>","2017-07-07",62322
"IBOV<XBSP>","2017-07-10",63025
"IBOV<XBSP>","2017-07-11",63832
"IBOV<XBSP>","2017-07-12",64835
"IBOV<XBSP>","2017-07-13",65178
"IBOV<XBSP>","2017-07-14",65436
"IBOV<XBSP>","2017-07-17",65212
"IBOV<XBSP>","2017-07-18",65337
"IBOV<XBSP>","2017-07-19",65179
"IBOV<XBSP>","2017-07-20",64938
"IBOV<XBSP>","2017-07-21",64684
"IBOV<XBSP>","2017-07-24",65099
"IBOV<XBSP>","2017-07-25",65667
"IBOV<XBSP>","2017-07-26",65010
"IBOV<XBSP>","2017-07-27",65277
"IBOV<XBSP>","2017-07-28",65497
"IBOV<XBSP>","2017-07-31",65920
"IBOV<XBSP>","2017-08-01",66516
"IBOV<XBSP>","2017-08-02",67135
"IBOV<XBSP>","2017-08-03",66777
"IBOV<XBSP>","2017-08-04",66897
"IBOV<XBSP>","2017-08-07",67939
"IBOV<XBSP>","2017-08-08",67898
"IBOV<XBSP>","2017-08-09",67671
"IBOV<XBSP>","2017-08-10",66992
"IBOV<XBSP>","2017-08-11",67358
"IBOV<XBSP>","2017-08-14",68284
"IBOV<XBSP>","2017-08-15",68355
"IBOV<XBSP>","2017-08-16",68594
"IBOV<XBSP>","2017-08-17",67976
"IBOV<XBSP>","2017-08-18",68714
"IBOV<XBSP>","2017-08-21",68634
"IBOV<XBSP>","2017-08-22",70011
"IBOV<XBSP>","2017-08-23",70477
"IBOV<XBSP>","2017-08-24",71132
"IBOV<XBSP>","2017-08-25",71073
"IBOV<XBSP>","2017-08-28",71016
"IBOV<XBSP>","2017-08-29",71329.85
"IBOV<XBSP>","2017-08-30",70886.26
"IBOV<XBSP>","2017-08-31",70835.05
"IBOV<XBSP>","2017-09-01",71923.11
"IBOV<XBSP>","2017-09-04",72128.83
"IBOV<XBSP>","2017-09-05",72150.88
"IBOV<XBSP>","2017-09-06",73412.41
"IBOV<XBSP>","2017-09-07","-"
"IBOV<XBSP>","2017-09-08",73078.85
"IBOV<XBSP>","2017-09-11",74319.22
"IBOV<XBSP>","2017-09-12",74538.55
"IBOV<XBSP>","2017-09-13",74787.57
"IBOV<XBSP>","2017-09-14",74656.68
"IBOV<XBSP>","2017-09-15",75756.52
"IBOV<XBSP>","2017-09-18",75990.41
"IBOV<XBSP>","2017-09-19",75974.18
"IBOV<XBSP>","2017-09-20",76004.15
"IBOV<XBSP>","2017-09-21",75604.34
"IBOV<XBSP>","2017-09-22",75389.75
"IBOV<XBSP>","2017-09-25",74443.47
"IBOV<XBSP>","2017-09-26",74318.72
"IBOV<XBSP>","2017-09-27",73796.71
"IBOV<XBSP>","2017-09-28",73567.25
"IBOV<XBSP>","2017-09-29",74293.51
"IBOV<XBSP>","2017-10-02",74359.83
"IBOV<XBSP>","2017-10-03",76762.91
"IBOV<XBSP>","2017-10-04",76591.44
"IBOV<XBSP>","2017-10-05",76617.53
"IBOV<XBSP>","2017-10-06",76054.72
"IBOV<XBSP>","2017-10-09",75726.81
"IBOV<XBSP>","2017-10-10",76897.21
"IBOV<XBSP>","2017-10-11",76659.8
"IBOV<XBSP>","2017-10-12","-"
"IBOV<XBSP>","2017-10-13",76989.79
"IBOV<XBSP>","2017-10-16",76891.84
"IBOV<XBSP>","2017-10-17",76201.25
"IBOV<XBSP>","2017-10-18",76591.09
"IBOV<XBSP>","2017-10-19",76283.16
"IBOV<XBSP>","2017-10-20",76390.51
"IBOV<XBSP>","2017-10-23",75413.13
"IBOV<XBSP>","2017-10-24",76350.19
"IBOV<XBSP>","2017-10-25",76671.13
"IBOV<XBSP>","2017-10-26",75896.35
"IBOV<XBSP>","2017-10-27",75975.71
"IBOV<XBSP>","2017-10-30",74800.33
"IBOV<XBSP>","2017-10-31",74308.49
"IBOV<XBSP>","2017-11-01",73823.74
"IBOV<XBSP>","2017-11-02","-"
"IBOV<XBSP>","2017-11-03",73915.43
"IBOV<XBSP>","2017-11-06",74310.79
"IBOV<XBSP>","2017-11-07",72414.88
"IBOV<XBSP>","2017-11-08",74363.13
"IBOV<XBSP>","2017-11-09",72930.69
"IBOV<XBSP>","2017-11-10",72165.64
"IBOV<XBSP>","2017-11-13",72475.17
"IBOV<XBSP>","2017-11-14",70826.59
"IBOV<XBSP>","2017-11-15","-"
"IBOV<XBSP>","2017-11-16",72511.79
"IBOV<XBSP>","2017-11-17",73437.28
"IBOV<XBSP>","2017-11-20","-"
"IBOV<XBSP>","2017-11-21",74594.61
"IBOV<XBSP>","2017-11-22",74518.79
"IBOV<XBSP>","2017-11-23",74486.58
"IBOV<XBSP>","2017-11-24",74157.37
"IBOV<XBSP>","2017-11-27",74058.92
"IBOV<XBSP>","2017-11-28",74139.72
"IBOV<XBSP>","2017-11-29",72700.45
"IBOV<XBSP>","2017-11-30",71970.99
"IBOV<XBSP>","2017-12-01",72264.45
"IBOV<XBSP>","2017-12-04",73090.17
"IBOV<XBSP>","2017-12-05",72546.17
"IBOV<XBSP>","2017-12-06",73268.35
"IBOV<XBSP>","2017-12-07",72487.46
"IBOV<XBSP>","2017-12-08",72731.84
"IBOV<XBSP>","2017-12-11",72800.04
"IBOV<XBSP>","2017-12-12",73813.53
"IBOV<XBSP>","2017-12-13",72914.33
"IBOV<XBSP>","2017-12-14",72428.93
"IBOV<XBSP>","2017-12-15",72607.7
"IBOV<XBSP>","2017-12-18",73115.45
"IBOV<XBSP>","2017-12-19",72680.37
"IBOV<XBSP>","2017-12-20",73367.03
"IBOV<XBSP>","2017-12-21",75133.43
"IBOV<XBSP>","2017-12-22",75186.53
"IBOV<XBSP>","2017-12-25","-"
"IBOV<XBSP>","2017-12-26",75707.73
"IBOV<XBSP>","2017-12-27",76072.54
"IBOV<XBSP>","2017-12-28",76402.08
"IBOV<XBSP>","2017-12-29","-"
"IBOV<XBSP>","2018-01-01","-"
"IBOV<XBSP>","2018-01-02",77891.04
"IBOV<XBSP>","2018-01-03",77995.16
"IBOV<XBSP>","2018-01-04",78647.42
"IBOV<XBSP>","2018-01-05",79071.47
"IBOV<XBSP>","2018-01-08",79378.54
"IBOV<XBSP>","2018-01-09",78863.54
"IBOV<XBSP>","2018-01-10",78200.57
"IBOV<XBSP>","2018-01-11",79365.44
"IBOV<XBSP>","2018-01-12",79349.12
"IBOV<XBSP>","2018-01-15",79752.37
"IBOV<XBSP>","2018-01-16",79831.76
"IBOV<XBSP>","2018-01-17",81189.16
"IBOV<XBSP>","2018-01-18",80962.65
"IBOV<XBSP>","2018-01-19",81219.5
"IBOV<XBSP>","2018-01-22",81675.42
"IBOV<XBSP>","2018-01-23",80678.35
"IBOV<XBSP>","2018-01-24",83680
"IBOV<XBSP>","2018-01-25","-"
"IBOV<XBSP>","2018-01-26",85530.84
"IBOV<XBSP>","2018-01-29",84698.01
"IBOV<XBSP>","2018-01-30",84482.46
"IBOV<XBSP>","2018-01-31",84912.7
"IBOV<XBSP>","2018-02-01",85495.24
"IBOV<XBSP>","2018-02-02",84041.34
"IBOV<XBSP>","2018-02-05",81861.09
"IBOV<XBSP>","2018-02-06",83894.04
"IBOV<XBSP>","2018-02-07",82766.73
"IBOV<XBSP>","2018-02-08",81532.53
"IBOV<XBSP>","2018-02-09",80898.7
"IBOV<XBSP>","2018-02-12","-"
"IBOV<XBSP>","2018-02-13","-"
"IBOV<XBSP>","2018-02-14",83542.84
"IBOV<XBSP>","2018-02-15",84290.57
"IBOV<XBSP>","2018-02-16",84524.58
"IBOV<XBSP>","2018-02-19",84792.71
"IBOV<XBSP>","2018-02-20",85803.96
"IBOV<XBSP>","2018-02-21",86051.82
"IBOV<XBSP>","2018-02-22",86686.45
"IBOV<XBSP>","2018-02-23",87293.24
"IBOV<XBSP>","2018-02-26",87652.64
"IBOV<XBSP>","2018-02-27",86935.44
"IBOV<XBSP>","2018-02-28",85353.6
"IBOV<XBSP>","2018-03-01",85377.79
"IBOV<XBSP>","2018-03-02",85761.34
"IBOV<XBSP>","2018-03-05",86022.83
"IBOV<XBSP>","2018-03-06",85653.02
"IBOV<XBSP>","2018-03-07",85483.55
"IBOV<XBSP>","2018-03-08",84984.61
"IBOV<XBSP>","2018-03-09",86371.41
"IBOV<XBSP>","2018-03-12",86900.43
"IBOV<XBSP>","2018-03-13",86383.85
"IBOV<XBSP>","2018-03-14",86050.96
"IBOV<XBSP>","2018-03-15",84928.2
"IBOV<XBSP>","2018-03-16",84886.49
"IBOV<XBSP>","2018-03-19",83913.06
"IBOV<XBSP>","2018-03-20",84163.8
"IBOV<XBSP>","2018-03-21",84976.59
"IBOV<XBSP>","2018-03-22",84767.88
"IBOV<XBSP>","2018-03-23",84377.19
"IBOV<XBSP>","2018-03-26",85087.86
"IBOV<XBSP>","2018-03-27",83808.06
"IBOV<XBSP>","2018-03-28",83874.14
"IBOV<XBSP>","2018-03-29",85365.56
"IBOV<XBSP>","2018-03-30","-"
"IBOV<XBSP>","2018-04-02",84666.44
"IBOV<XBSP>","2018-04-03",84623.46
"IBOV<XBSP>","2018-04-04",84359.69
"IBOV<XBSP>","2018-04-05",85209.66
"IBOV<XBSP>","2018-04-06",84820.42
"IBOV<XBSP>","2018-04-09",83307.23
"IBOV<XBSP>","2018-04-10",84510.36
"IBOV<XBSP>","2018-04-11",85245.59
"IBOV<XBSP>","2018-04-12",85443.53
"IBOV<XBSP>","2018-04-13",84334.41
"IBOV<XBSP>","2018-04-16",82861.58
"IBOV<XBSP>","2018-04-17",84086.13
"IBOV<XBSP>","2018-04-18",85776.46
"IBOV<XBSP>","2018-04-19",85824.26
"IBOV<XBSP>","2018-04-20",85550.09
"IBOV<XBSP>","2018-04-23",85602.5
"IBOV<XBSP>","2018-04-24",85469.08
"IBOV<XBSP>","2018-04-25",85044.39
"IBOV<XBSP>","2018-04-26",86383.2
"IBOV<XBSP>","2018-04-27",86444.66
"IBOV<XBSP>","2018-04-30",86115.5
"IBOV<XBSP>","2018-05-01","-"
"IBOV<XBSP>","2018-05-02",84547.09
"IBOV<XBSP>","2018-05-03",83288.14
"IBOV<XBSP>","2018-05-04",83118.03
"IBOV<XBSP>","2018-05-07",82714.43
"IBOV<XBSP>","2018-05-08",82956.05
"IBOV<XBSP>","2018-05-09",84265.49
"IBOV<XBSP>","2018-05-10",85861.2
"IBOV<XBSP>","2018-05-11",85220.24
"IBOV<XBSP>","2018-05-14",85232.18
"IBOV<XBSP>","2018-05-15",85130.42
"IBOV<XBSP>","2018-05-16",86536.97
"IBOV<XBSP>","2018-05-17",83621.95
"IBOV<XBSP>","2018-05-18",83081.88
"IBOV<XBSP>","2018-05-21",81815.32
"IBOV<XBSP>","2018-05-22",82738.88
"IBOV<XBSP>","2018-05-23",80867.29
"IBOV<XBSP>","2018-05-24",80122.31
"IBOV<XBSP>","2018-05-25",78897.66
"IBOV<XBSP>","2018-05-28",75355.84
"IBOV<XBSP>","2018-05-29",76071.97
"IBOV<XBSP>","2018-05-30",76753.61
"IBOV<XBSP>","2018-05-31","-"
"IBOV<XBSP>","2018-06-01",77239.75
"IBOV<XBSP>","2018-06-04",78596.06
"IBOV<XBSP>","2018-06-05",76641.72
"IBOV<XBSP>","2018-06-06",76117.22
"IBOV<XBSP>","2018-06-07",73851.46
"IBOV<XBSP>","2018-06-08",72942.07
"IBOV<XBSP>","2018-06-11",72307.77
"IBOV<XBSP>","2018-06-12",72754.13
"IBOV<XBSP>","2018-06-13",72122.14
"IBOV<XBSP>","2018-06-14",71421.19
"IBOV<XBSP>","2018-06-15",70757.73
"IBOV<XBSP>","2018-06-18",69814.74
"IBOV<XBSP>","2018-06-19",71394.34
"IBOV<XBSP>","2018-06-20",72123.41
"IBOV<XBSP>","2018-06-21",70074.9
"IBOV<XBSP>","2018-06-22",70640.65
"IBOV<XBSP>","2018-06-25",70952.97
"IBOV<XBSP>","2018-06-26",71404.59
"IBOV<XBSP>","2018-06-27",70609.01
"IBOV<XBSP>","2018-06-28",71766.53
"IBOV<XBSP>","2018-06-29",72762.52
"IBOV<XBSP>","2018-07-02",72839.74
"IBOV<XBSP>","2018-07-03",73667.76
"IBOV<XBSP>","2018-07-04",74743.12
"IBOV<XBSP>","2018-07-05",74553.06
"IBOV<XBSP>","2018-07-06",75010.39
"IBOV<XBSP>","2018-07-09","-"
"IBOV<XBSP>","2018-07-10",74862.38
"IBOV<XBSP>","2018-07-11",74398.55
"IBOV<XBSP>","2018-07-12",75856.23
"IBOV<XBSP>","2018-07-13",76594.36
"IBOV<XBSP>","2018-07-16",76652.59
"IBOV<XBSP>","2018-07-17",78130.3
"IBOV<XBSP>","2018-07-18",77362.64
"IBOV<XBSP>","2018-07-19",77486.84
"IBOV<XBSP>","2018-07-20",78571.29
"IBOV<XBSP>","2018-07-23",77996.12
"IBOV<XBSP>","2018-07-24",79154.99
"IBOV<XBSP>","2018-07-25",80218.05
"IBOV<XBSP>","2018-07-26",79405.34
"IBOV<XBSP>","2018-07-27",79866.11
"IBOV<XBSP>","2018-07-30",80275.6
"IBOV<XBSP>","2018-07-31",79220.44
"IBOV<XBSP>","2018-08-01",79301.65
"IBOV<XBSP>","2018-08-02",79636.69
"IBOV<XBSP>","2018-08-03",81434.98
"IBOV<XBSP>","2018-08-06",81050.76
"IBOV<XBSP>","2018-08-07",80346.53
"IBOV<XBSP>","2018-08-08",79151.7
"IBOV<XBSP>","2018-08-09",78767.99
"IBOV<XBSP>","2018-08-10",76514.36
"IBOV<XBSP>","2018-08-13",77496.46
"IBOV<XBSP>","2018-08-14",78602.12
"IBOV<XBSP>","2018-08-15",77077.5
"IBOV<XBSP>","2018-08-16",76818.72
"IBOV<XBSP>","2018-08-17",76028.51
"IBOV<XBSP>","2018-08-20",76327.89
"IBOV<XBSP>","2018-08-21",75180.4
"IBOV<XBSP>","2018-08-22",76902.31
"IBOV<XBSP>","2018-08-23",75633.77
"IBOV<XBSP>","2018-08-24",76262.24
"IBOV<XBSP>","2018-08-27",77929.69
"IBOV<XBSP>","2018-08-28",77473.18
"IBOV<XBSP>","2018-08-29",78388.84
"IBOV<XBSP>","2018-08-30",76404.1
"IBOV<XBSP>","2018-08-31",76677.53
"IBOV<XBSP>","2018-09-03",76192.74
"IBOV<XBSP>","2018-09-04",74711.8
"IBOV<XBSP>","2018-09-05",75092.27
"IBOV<XBSP>","2018-09-06",76416.02
"IBOV<XBSP>","2018-09-07","-"
"IBOV<XBSP>","2018-09-10",76436.36
"IBOV<XBSP>","2018-09-11",74656.51
"IBOV<XBSP>","2018-09-12",75124.81
"IBOV<XBSP>","2018-09-13",74686.68
"IBOV<XBSP>","2018-09-14",75429.1
"IBOV<XBSP>","2018-09-17",76788.86
"IBOV<XBSP>","2018-09-18",78313.97
"IBOV<XBSP>","2018-09-19",78168.66
"IBOV<XBSP>","2018-09-20",78116.02
"IBOV<XBSP>","2018-09-21",79444.29
"IBOV<XBSP>","2018-09-24",77984.19
"IBOV<XBSP>","2018-09-25",78630.15
"IBOV<XBSP>","2018-09-26",78656.16
"IBOV<XBSP>","2018-09-27",80000.09
"IBOV<XBSP>","2018-09-28",79342.43
"IBOV<XBSP>","2018-10-01",78623.66
"IBOV<XBSP>","2018-10-02",81612.28
"IBOV<XBSP>","2018-10-03",83273.4
"IBOV<XBSP>","2018-10-04",82952.81
"IBOV<XBSP>","2018-10-05",82321.52
"IBOV<XBSP>","2018-10-08",86083.92
"IBOV<XBSP>","2018-10-09",86087.55
"IBOV<XBSP>","2018-10-10",83679.12
"IBOV<XBSP>","2018-10-11",82921.08
"IBOV<XBSP>","2018-10-12","-"
"IBOV<XBSP>","2018-10-15",83359.77
"IBOV<XBSP>","2018-10-16",85717.57
"IBOV<XBSP>","2018-10-17",85763.96
"IBOV<XBSP>","2018-10-18",83847.12
"IBOV<XBSP>","2018-10-19",84219.75
"IBOV<XBSP>","2018-10-22",85596.7
"IBOV<XBSP>","2018-10-23",85300.04
"IBOV<XBSP>","2018-10-24",83063.56
"IBOV<XBSP>","2018-10-25",84083.51
"IBOV<XBSP>","2018-10-26",85719.88
"IBOV<XBSP>","2018-10-29",83796.71
"IBOV<XBSP>","2018-10-30",86885.71
"IBOV<XBSP>","2018-10-31",87423.55
"IBOV<XBSP>","2018-11-01",88419.05
"IBOV<XBSP>","2018-11-02","-"
"IBOV<XBSP>","2018-11-05",89598.16
"IBOV<XBSP>","2018-11-06",88668.92
"IBOV<XBSP>","2018-11-07",87714.35
"IBOV<XBSP>","2018-11-08",85620.14
"IBOV<XBSP>","2018-11-09",85641.22
"IBOV<XBSP>","2018-11-12",85524.7
"IBOV<XBSP>","2018-11-13",84914.11
"IBOV<XBSP>","2018-11-14",85973.06
"IBOV<XBSP>","2018-11-15","-"
"IBOV<XBSP>","2018-11-16",88515.27
"IBOV<XBSP>","2018-11-19",87900.84
"IBOV<XBSP>","2018-11-20","-"
"IBOV<XBSP>","2018-11-21",87268.8
"IBOV<XBSP>","2018-11-22",87477.44
"IBOV<XBSP>","2018-11-23",86230.23
"IBOV<XBSP>","2018-11-26",85546.51
"IBOV<XBSP>","2018-11-27",87891.18
"IBOV<XBSP>","2018-11-28",89250.83
"IBOV<XBSP>","2018-11-29",89709.57
"IBOV<XBSP>","2018-11-30",89504.03
"IBOV<XBSP>","2018-12-03",89820.09
"IBOV<XBSP>","2018-12-04",88624.45
"IBOV<XBSP>","2018-12-05",89039.8
"IBOV<XBSP>","2018-12-06",88846.49
"IBOV<XBSP>","2018-12-07",88115.08
"IBOV<XBSP>","2018-12-10",85914.71
"IBOV<XBSP>","2018-12-11",86419.58
"IBOV<XBSP>","2018-12-12",86977.46
"IBOV<XBSP>","2018-12-13",87837.59
"IBOV<XBSP>","2018-12-14",87449.51
"IBOV<XBSP>","2018-12-17",86399.68
"IBOV<XBSP>","2018-12-18",86610.5
"IBOV<XBSP>","2018-12-19",85673.53
"IBOV<XBSP>","2018-12-20",85269.3
"IBOV<XBSP>","2018-12-21",85697.16
"IBOV<XBSP>","2018-12-24","-"
"IBOV<XBSP>","2018-12-25","-"
"IBOV<XBSP>","2018-12-26",85136.11
"IBOV<XBSP>","2018-12-27",85460.21
"IBOV<XBSP>","2018-12-28",87887.27
"IBOV<XBSP>","2018-12-31","-"
"IBOV<XBSP>","2019-01-01","-"
"IBOV<XBSP>","2019-01-02",91012.32
"IBOV<XBSP>","2019-01-03",91564.26
"IBOV<XBSP>","2019-01-04",91840.8
"IBOV<XBSP>","2019-01-07",91699.05
"IBOV<XBSP>","2019-01-08",92031.86
"IBOV<XBSP>","2019-01-09",93613.05
"IBOV<XBSP>","2019-01-10",93805.94
"IBOV<XBSP>","2019-01-11",93658.31
"IBOV<XBSP>","2019-01-14",94474.13
"IBOV<XBSP>","2019-01-15",94055.72
"IBOV<XBSP>","2019-01-16",94393.08
"IBOV<XBSP>","2019-01-17",95351.09
"IBOV<XBSP>","2019-01-18",96096.75
"IBOV<XBSP>","2019-01-21",96009.78
"IBOV<XBSP>","2019-01-22",95103.38
"IBOV<XBSP>","2019-01-23",96558.43
"IBOV<XBSP>","2019-01-24",97677.2
"IBOV<XBSP>","2019-01-25","-"
"IBOV<XBSP>","2019-01-28",95443.88
"IBOV<XBSP>","2019-01-29",95639.33
"IBOV<XBSP>","2019-01-30",96996.21
"IBOV<XBSP>","2019-01-31",97393.75
"IBOV<XBSP>","2019-02-01",97861.28
"IBOV<XBSP>","2019-02-04",98588.64
"IBOV<XBSP>","2019-02-05",98311.21
"IBOV<XBSP>","2019-02-06",94635.57
"IBOV<XBSP>","2019-02-07",94405.6
"IBOV<XBSP>","2019-02-08",95343.11
"IBOV<XBSP>","2019-02-11",94412.92
"IBOV<XBSP>","2019-02-12",96168.4
"IBOV<XBSP>","2019-02-13",95842.41
"IBOV<XBSP>","2019-02-14",98015.1
"IBOV<XBSP>","2019-02-15",97525.91
"IBOV<XBSP>","2019-02-18",96509.89
"IBOV<XBSP>","2019-02-19",97659.16
"IBOV<XBSP>","2019-02-20",96544.82
"IBOV<XBSP>","2019-02-21",96932.28
"IBOV<XBSP>","2019-02-22",97885.6
"IBOV<XBSP>","2019-02-25",97239.9
"IBOV<XBSP>","2019-02-26",97602.5
"IBOV<XBSP>","2019-02-27",97307.32
"IBOV<XBSP>","2019-02-28",95584.35
"IBOV<XBSP>","2019-03-01",94603.76
"IBOV<XBSP>","2019-03-04","-"
"IBOV<XBSP>","2019-03-05","-"
"IBOV<XBSP>","2019-03-06",94216.88
"IBOV<XBSP>","2019-03-07",94340.18
"IBOV<XBSP>","2019-03-08",95364.86
"IBOV<XBSP>","2019-03-11",98026.62
"IBOV<XBSP>","2019-03-12",97828.04
"IBOV<XBSP>","2019-03-13",98903.89
"IBOV<XBSP>","2019-03-14",98604.67
"IBOV<XBSP>","2019-03-15",99136.74
"IBOV<XBSP>","2019-03-18",99993.93
"IBOV<XBSP>","2019-03-19",99588.38
"IBOV<XBSP>","2019-03-20",98041.38
"IBOV<XBSP>","2019-03-21",96729.08
"IBOV<XBSP>","2019-03-22",93735.16
"IBOV<XBSP>","2019-03-25",93662.01
"IBOV<XBSP>","2019-03-26",95306.82
"IBOV<XBSP>","2019-03-27",91903.41
"IBOV<XBSP>","2019-03-28",94388.94
"IBOV<XBSP>","2019-03-29",95414.56
"IBOV<XBSP>","2019-04-01",96054.46
"IBOV<XBSP>","2019-04-02",95386.76
"IBOV<XBSP>","2019-04-03",94491.48
"IBOV<XBSP>","2019-04-04",96313.07
"IBOV<XBSP>","2019-04-05",97108.17
"IBOV<XBSP>","2019-04-08",97369.29
"IBOV<XBSP>","2019-04-09",96291.79
"IBOV<XBSP>","2019-04-10",95953.45
"IBOV<XBSP>","2019-04-11",94754.7
"IBOV<XBSP>","2019-04-12",92875
"IBOV<XBSP>","2019-04-15",93082.97
"IBOV<XBSP>","2019-04-16",94333.31
"IBOV<XBSP>","2019-04-17",93284.75
"IBOV<XBSP>","2019-04-18",94578.26
"IBOV<XBSP>","2019-04-19","-"
"IBOV<XBSP>","2019-04-22",94588.06
"IBOV<XBSP>","2019-04-23",95923.24
"IBOV<XBSP>","2019-04-24",95045.43
"IBOV<XBSP>","2019-04-25",96552.03
"IBOV<XBSP>","2019-04-26",96236.04
"IBOV<XBSP>","2019-04-29",96187.75
"IBOV<XBSP>","2019-04-30",96353.33
"IBOV<XBSP>","2019-05-01","-"
"IBOV<XBSP>","2019-05-02",95527.62
"IBOV<XBSP>","2019-05-03",96007.89
"IBOV<XBSP>","2019-05-06",95008.66
"IBOV<XBSP>","2019-05-07",94388.73
"IBOV<XBSP>","2019-05-08",95596.61
"IBOV<XBSP>","2019-05-09",94807.85
"IBOV<XBSP>","2019-05-10",94257.56
"IBOV<XBSP>","2019-05-13",91726.54
"IBOV<XBSP>","2019-05-14",92092.44
"IBOV<XBSP>","2019-05-15",91623.44
"IBOV<XBSP>","2019-05-16",90024.47
"IBOV<XBSP>","2019-05-17",89992.73
"IBOV<XBSP>","2019-05-20",91946.19
"IBOV<XBSP>","2019-05-21",94484.63
"IBOV<XBSP>","2019-05-22",94360.66
"IBOV<XBSP>","2019-05-23",93910.03
"IBOV<XBSP>","2019-05-24",93627.8
"IBOV<XBSP>","2019-05-27",94864.25
"IBOV<XBSP>","2019-05-28",96392.76
"IBOV<XBSP>","2019-05-29",96566.55
"IBOV<XBSP>","2019-05-30",97457.36
"IBOV<XBSP>","2019-05-31",97030.32
"IBOV<XBSP>","2019-06-03",97020.48
"IBOV<XBSP>","2019-06-04",97380.28
"IBOV<XBSP>","2019-06-05",95998.75
"IBOV<XBSP>","2019-06-06",97204.85
"IBOV<XBSP>","2019-06-07",97821.26
"IBOV<XBSP>","2019-06-10",97466.69
"IBOV<XBSP>","2019-06-11",98960
"IBOV<XBSP>","2019-06-12",98320.88
"IBOV<XBSP>","2019-06-13",98773.7
"IBOV<XBSP>","2019-06-14",98040.06
"IBOV<XBSP>","2019-06-17",97623.25
"IBOV<XBSP>","2019-06-18",99404.39
"IBOV<XBSP>","2019-06-19",100303.41
"IBOV<XBSP>","2019-06-20","-"
"IBOV<XBSP>","2019-06-21",102012.64
"IBOV<XBSP>","2019-06-24",102062.33
"IBOV<XBSP>","2019-06-25",100092.95
"IBOV<XBSP>","2019-06-26",100688.63
"IBOV<XBSP>","2019-06-27",100723.97
"IBOV<XBSP>","2019-06-28",100967.2
"IBOV<XBSP>","2019-07-01",101339.68
"IBOV<XBSP>","2019-07-02",100605.17
"IBOV<XBSP>","2019-07-03",102043.11
"IBOV<XBSP>","2019-07-04",103636.17
"IBOV<XBSP>","2019-07-05",104089.47
"IBOV<XBSP>","2019-07-08",104530.22
"IBOV<XBSP>","2019-07-09","-"
"IBOV<XBSP>","2019-07-10",105817.06
"IBOV<XBSP>","2019-07-11",105146.44
"IBOV<XBSP>","2019-07-12",103905.99
"IBOV<XBSP>","2019-07-15",103802.69
"IBOV<XBSP>","2019-07-16",103775.41
"IBOV<XBSP>","2019-07-17",103855.53
"IBOV<XBSP>","2019-07-18",104716.59
"IBOV<XBSP>","2019-07-19",103451.93
"IBOV<XBSP>","2019-07-22",103949.46
"IBOV<XBSP>","2019-07-23",103704.28
"IBOV<XBSP>","2019-07-24",104119.54
"IBOV<XBSP>","2019-07-25",102654.58
"IBOV<XBSP>","2019-07-26",102818.93
"IBOV<XBSP>","2019-07-29",103482.63
"IBOV<XBSP>","2019-07-30",102932.76
"IBOV<XBSP>","2019-07-31",101812.13
"IBOV<XBSP>","2019-08-01",102125.94
"IBOV<XBSP>","2019-08-02",102673.68
"IBOV<XBSP>","2019-08-05",100097.75
"IBOV<XBSP>","2019-08-06",102163.69
"IBOV<XBSP>","2019-08-07",102782.37
"IBOV<XBSP>","2019-08-08",104115.23
"IBOV<XBSP>","2019-08-09",103996.16
"IBOV<XBSP>","2019-08-12",101915.22
"IBOV<XBSP>","2019-08-13",103299.47
"IBOV<XBSP>","2019-08-14",100258.01
"IBOV<XBSP>","2019-08-15",99056.91
"IBOV<XBSP>","2019-08-16",99805.78
"IBOV<XBSP>","2019-08-19",99468.67
"IBOV<XBSP>","2019-08-20",99222.25
"IBOV<XBSP>","2019-08-21",101201.9
"IBOV<XBSP>","2019-08-22",100011.28
"IBOV<XBSP>","2019-08-23",97667.49
"IBOV<XBSP>","2019-08-26",96429.6
"IBOV<XBSP>","2019-08-27",97276.19
"IBOV<XBSP>","2019-08-28",98193.53
"IBOV<XBSP>","2019-08-29",100524.43
"IBOV<XBSP>","2019-08-30",101134.61
"IBOV<XBSP>","2019-09-02",100625.74
"IBOV<XBSP>","2019-09-03",99680.83
"IBOV<XBSP>","2019-09-04",101200.89
"IBOV<XBSP>","2019-09-05",102243
"IBOV<XBSP>","2019-09-06",102935.43
"IBOV<XBSP>","2019-09-09",103180.59
"IBOV<XBSP>","2019-09-10",103031.5
"IBOV<XBSP>","2019-09-11",103445.6
"IBOV<XBSP>","2019-09-12",104370.91
"IBOV<XBSP>","2019-09-13",103501.18
"IBOV<XBSP>","2019-09-16",103680.41
"IBOV<XBSP>","2019-09-17",104616.86
"IBOV<XBSP>","2019-09-18",104531.93
"IBOV<XBSP>","2019-09-19",104339.16
"IBOV<XBSP>","2019-09-20",104817.4
"IBOV<XBSP>","2019-09-23",104637.82
"IBOV<XBSP>","2019-09-24",103875.66
"IBOV<XBSP>","2019-09-25",104480.98
"IBOV<XBSP>","2019-09-26",105319.4
"IBOV<XBSP>","2019-09-27",105077.63
"IBOV<XBSP>","2019-09-30",104745.32
"IBOV<XBSP>","2019-10-01",104053.4
"IBOV<XBSP>","2019-10-02",101031.44
"IBOV<XBSP>","2019-10-03",101516.04
"IBOV<XBSP>","2019-10-04",102551.32
"IBOV<XBSP>","2019-10-07",100572.77
"IBOV<XBSP>","2019-10-08",99981.4
"IBOV<XBSP>","2019-10-09",101248.78
"IBOV<XBSP>","2019-10-10",101817.13
"IBOV<XBSP>","2019-10-11",103831.92
"IBOV<XBSP>","2019-10-14",104301.58
"IBOV<XBSP>","2019-10-15",104489.56
"IBOV<XBSP>","2019-10-16",105422.8
"IBOV<XBSP>","2019-10-17",105015.77
"IBOV<XBSP>","2019-10-18",104728.89
"IBOV<XBSP>","2019-10-21",106022.28
"IBOV<XBSP>","2019-10-22",107381.11
"IBOV<XBSP>","2019-10-23",107543.59
"IBOV<XBSP>","2019-10-24",106986.15
"IBOV<XBSP>","2019-10-25",107363.77
"IBOV<XBSP>","2019-10-28",108187.06
"IBOV<XBSP>","2019-10-29",107556.26
"IBOV<XBSP>","2019-10-30",108407.54
"IBOV<XBSP>","2019-10-31",107219.83
"IBOV<XBSP>","2019-11-01",108195.63
"IBOV<XBSP>","2019-11-04",108779.33
"IBOV<XBSP>","2019-11-05",108719.02
"IBOV<XBSP>","2019-11-06",108360.22
"IBOV<XBSP>","2019-11-07",109580.57
"IBOV<XBSP>","2019-11-08",107628.98
"IBOV<XBSP>","2019-11-11",108367.44
"IBOV<XBSP>","2019-11-12",106751.11
"IBOV<XBSP>","2019-11-13",106059.95
"IBOV<XBSP>","2019-11-14",106556.88
"IBOV<XBSP>","2019-11-15","-"
"IBOV<XBSP>","2019-11-18",106269.25
"IBOV<XBSP>","2019-11-19",105864.18
"IBOV<XBSP>","2019-11-20","-"
"IBOV<XBSP>","2019-11-21",107496.73
"IBOV<XBSP>","2019-11-22",108692.28
"IBOV<XBSP>","2019-11-25",108423.93
"IBOV<XBSP>","2019-11-26",107059.4
"IBOV<XBSP>","2019-11-27",107707.75
"IBOV<XBSP>","2019-11-28",108290.09
"IBOV<XBSP>","2019-11-29",108233.28
"IBOV<XBSP>","2019-12-02",108927.83
"IBOV<XBSP>","2019-12-03",108956.02
"IBOV<XBSP>","2019-12-04",110300.93
"IBOV<XBSP>","2019-12-05",110622.27
"IBOV<XBSP>","2019-12-06",111125.75
"IBOV<XBSP>","2019-12-09",110977.23
"IBOV<XBSP>","2019-12-10",110672.01
"IBOV<XBSP>","2019-12-11",110963.87
"IBOV<XBSP>","2019-12-12",112199.74
"IBOV<XBSP>","2019-12-13",112564.86
"IBOV<XBSP>","2019-12-16",111896.04
"IBOV<XBSP>","2019-12-17",112615.66
"IBOV<XBSP>","2019-12-18",114314.65
"IBOV<XBSP>","2019-12-19",115131.25
"IBOV<XBSP>","2019-12-20",115121.08
"IBOV<XBSP>","2019-12-23",115863.29
"IBOV<XBSP>","2019-12-24","-"
"IBOV<XBSP>","2019-12-25","-"
"IBOV<XBSP>","2019-12-26",117203.2
"IBOV<XBSP>","2019-12-27",116533.98
"IBOV<XBSP>","2019-12-30",115645.34
"IBOV<XBSP>","2019-12-31","-"
"IBOV<XBSP>","2020-01-01","-"
"IBOV<XBSP>","2020-01-02",118573.1
"IBOV<XBSP>","2020-01-03",117706.66
"IBOV<XBSP>","2020-01-06",116877.92
"IBOV<XBSP>","2020-01-07",116661.94
"IBOV<XBSP>","2020-01-08",116247.03
"IBOV<XBSP>","2020-01-09",115947.11
"IBOV<XBSP>","2020-01-10",115503.42
"IBOV<XBSP>","2020-01-13",117325.28
"IBOV<XBSP>","2020-01-14",117632.4
"IBOV<XBSP>","2020-01-15",116414.35
"IBOV<XBSP>","2020-01-16",116704.21
"IBOV<XBSP>","2020-01-17",118478.3
"IBOV<XBSP>","2020-01-20",118861.63
"IBOV<XBSP>","2020-01-21",117026.04
"IBOV<XBSP>","2020-01-22",118391.36
"IBOV<XBSP>","2020-01-23",119527.63
"IBOV<XBSP>","2020-01-24",118376.36
"IBOV<XBSP>","2020-01-27",114481.84
"IBOV<XBSP>","2020-01-28",116478.98
"IBOV<XBSP>","2020-01-29",115384.84
"IBOV<XBSP>","2020-01-30",115528.04
"IBOV<XBSP>","2020-01-31",113760.57
"IBOV<XBSP>","2020-02-03",114629.21
"IBOV<XBSP>","2020-02-04",115556.71
"IBOV<XBSP>","2020-02-05",116028.27
"IBOV<XBSP>","2020-02-06",115189.97
"IBOV<XBSP>","2020-02-07",113770.29
"IBOV<XBSP>","2020-02-10",112570.3
"IBOV<XBSP>","2020-02-11",115370.61
"IBOV<XBSP>","2020-02-12",116674.13
"IBOV<XBSP>","2020-02-13",115662.4
"IBOV<XBSP>","2020-02-14",114380.71
"IBOV<XBSP>","2020-02-17",115309.08
"IBOV<XBSP>","2020-02-18",114977.29
"IBOV<XBSP>","2020-02-19",116517.59
"IBOV<XBSP>","2020-02-20",114586.24
"IBOV<XBSP>","2020-02-21",113681.42
"IBOV<XBSP>","2020-02-24","-"
"IBOV<XBSP>","2020-02-25","-"
"IBOV<XBSP>","2020-02-26",105718.29
"IBOV<XBSP>","2020-02-27",102983.54
"IBOV<XBSP>","2020-02-28",104171.57
"IBOV<XBSP>","2020-03-02",106625.41
"IBOV<XBSP>","2020-03-03",105537.14
"IBOV<XBSP>","2020-03-04",107224.22
"IBOV<XBSP>","2020-03-05",102233.24
"IBOV<XBSP>","2020-03-06",97996.77
"IBOV<XBSP>","2020-03-09",86067.2
"IBOV<XBSP>","2020-03-10",92214.47
"IBOV<XBSP>","2020-03-11",85171.13
"IBOV<XBSP>","2020-03-12",72582.53
"IBOV<XBSP>","2020-03-13",82677.91
"IBOV<XBSP>","2020-03-16",71168.05
"IBOV<XBSP>","2020-03-17",74617.24
"IBOV<XBSP>","2020-03-18",66894.95
"IBOV<XBSP>","2020-03-19",68331.8
"IBOV<XBSP>","2020-03-20",67069.36
"IBOV<XBSP>","2020-03-23",63569.62
"IBOV<XBSP>","2020-03-24",69729.3
"IBOV<XBSP>","2020-03-25",74955.57
"IBOV<XBSP>","2020-03-26",77709.66
"IBOV<XBSP>","2020-03-27",73428.78
"IBOV<XBSP>","2020-03-30",74639.48
"IBOV<XBSP>","2020-03-31",73019.76
"IBOV<XBSP>","2020-04-01",70966.7
"IBOV<XBSP>","2020-04-02",72253.46
"IBOV<XBSP>","2020-04-03",69537.56
"IBOV<XBSP>","2020-04-06",74072.98
"IBOV<XBSP>","2020-04-07",76358.09
"IBOV<XBSP>","2020-04-08",78624.62
"IBOV<XBSP>","2020-04-09",77681.94
"IBOV<XBSP>","2020-04-10","-"
"IBOV<XBSP>","2020-04-13",78835.82
"IBOV<XBSP>","2020-04-14",79918.36
"IBOV<XBSP>","2020-04-15",78831.46
"IBOV<XBSP>","2020-04-16",77811.85
"IBOV<XBSP>","2020-04-17",78990.29
"IBOV<XBSP>","2020-04-20",78972.76
"IBOV<XBSP>","2020-04-21","-"
"IBOV<XBSP>","2020-04-22",80687.15
"IBOV<XBSP>","2020-04-23",79673.3
"IBOV<XBSP>","2020-04-24",75330.61
"IBOV<XBSP>","2020-04-27",78238.6
"IBOV<XBSP>","2020-04-28",81312.23
"IBOV<XBSP>","2020-04-29",83170.8
"IBOV<XBSP>","2020-04-30",80505.89
"IBOV<XBSP>","2020-05-01","-"
"IBOV<XBSP>","2020-05-04",78876.22
"IBOV<XBSP>","2020-05-05",79470.78
"IBOV<XBSP>","2020-05-06",79063.68
"IBOV<XBSP>","2020-05-07",78118.57
"IBOV<XBSP>","2020-05-08",80263.35
"IBOV<XBSP>","2020-05-11",79064.6
"IBOV<XBSP>","2020-05-12",77871.95
"IBOV<XBSP>","2020-05-13",77772.2
"IBOV<XBSP>","2020-05-14",79010.81
"IBOV<XBSP>","2020-05-15",77556.62
"IBOV<XBSP>","2020-05-18",81194.29
"IBOV<XBSP>","2020-05-19",80742.35
"IBOV<XBSP>","2020-05-20",81319.45
"IBOV<XBSP>","2020-05-21",83027.09
"IBOV<XBSP>","2020-05-22",82173.21
"IBOV<XBSP>","2020-05-25",85663.48
"IBOV<XBSP>","2020-05-26",85468.91
"IBOV<XBSP>","2020-05-27",87946.25
"IBOV<XBSP>","2020-05-28",86949.09
"IBOV<XBSP>","2020-05-29",87402.59
"IBOV<XBSP>","2020-06-01",88620.1
"IBOV<XBSP>","2020-06-02",91046.38
"IBOV<XBSP>","2020-06-03",93002.14
"IBOV<XBSP>","2020-06-04",93828.61
"IBOV<XBSP>","2020-06-05",94637.06
"IBOV<XBSP>","2020-06-08",97644.67
"IBOV<XBSP>","2020-06-09",96746.55
"IBOV<XBSP>","2020-06-10",94685.98
"IBOV<XBSP>","2020-06-11","-"
"IBOV<XBSP>","2020-06-12",92795.27
"IBOV<XBSP>","2020-06-15",92375.52
"IBOV<XBSP>","2020-06-16",93531.17
"IBOV<XBSP>","2020-06-17",95547.29
"IBOV<XBSP>","2020-06-18",96125.24
"IBOV<XBSP>","2020-06-19",96572.1
"IBOV<XBSP>","2020-06-22",95335.96
"IBOV<XBSP>","2020-06-23",95975.16
"IBOV<XBSP>","2020-06-24",94377.36
"IBOV<XBSP>","2020-06-25",95983.09
"IBOV<XBSP>","2020-06-26",93834.49
"IBOV<XBSP>","2020-06-29",95735.35
"IBOV<XBSP>","2020-06-30",95055.82
"IBOV<XBSP>","2020-07-01",96203.2
"IBOV<XBSP>","2020-07-02",96234.96
"IBOV<XBSP>","2020-07-03",96764.85
"IBOV<XBSP>","2020-07-06",98937.16
"IBOV<XBSP>","2020-07-07",97761.04
"IBOV<XBSP>","2020-07-08",99769.88
"IBOV<XBSP>","2020-07-09",99160.33
"IBOV<XBSP>","2020-07-10",100031.83
"IBOV<XBSP>","2020-07-13",98697.06
"IBOV<XBSP>","2020-07-14",100440.23
"IBOV<XBSP>","2020-07-15",101790.54
"IBOV<XBSP>","2020-07-16",100553.27
"IBOV<XBSP>","2020-07-17",102888.25
"IBOV<XBSP>","2020-07-20",104426.37
"IBOV<XBSP>","2020-07-21",104309.74
"IBOV<XBSP>","2020-07-22",104289.57
"IBOV<XBSP>","2020-07-23",102293.31
"IBOV<XBSP>","2020-07-24",102381.58
"IBOV<XBSP>","2020-07-27",104477.08
"IBOV<XBSP>","2020-07-28",104109.07
"IBOV<XBSP>","2020-07-29",105605.17
"IBOV<XBSP>","2020-07-30",105008.7
"IBOV<XBSP>","2020-07-31",102912.24
"IBOV<XBSP>","2020-08-03",102829.96
"IBOV<XBSP>","2020-08-04",101215.87
"IBOV<XBSP>","2020-08-05",102801.76
"IBOV<XBSP>","2020-08-06",104125.64
"IBOV<XBSP>","2020-08-07",102775.55
"IBOV<XBSP>","2020-08-10",103444.48
"IBOV<XBSP>","2020-08-11",102174.4
"IBOV<XBSP>","2020-08-12",102117.79
"IBOV<XBSP>","2020-08-13",100460.6
"IBOV<XBSP>","2020-08-14",101353.45
"IBOV<XBSP>","2020-08-17",99595.41
"IBOV<XBSP>","2020-08-18",102065.35
"IBOV<XBSP>","2020-08-19",100853.72
"IBOV<XBSP>","2020-08-20",101467.87
"IBOV<XBSP>","2020-08-21",101521.29
"IBOV<XBSP>","2020-08-24",102297.95
"IBOV<XBSP>","2020-08-25",102117.64
"IBOV<XBSP>","2020-08-26",100627.33
"IBOV<XBSP>","2020-08-27",100623.64
"IBOV<XBSP>","2020-08-28",102142.93
"IBOV<XBSP>","2020-08-31",99369.15
"IBOV<XBSP>","2020-09-01",102167.65
"IBOV<XBSP>","2020-09-02",101911.13
"IBOV<XBSP>","2020-09-03",100721.36
"IBOV<XBSP>","2020-09-04",101241.73
"IBOV<XBSP>","2020-09-07","-"
"IBOV<XBSP>","2020-09-08",100050.43
"IBOV<XBSP>","2020-09-09",101292.05
"IBOV<XBSP>","2020-09-10",98834.59
"IBOV<XBSP>","2020-09-11",98363.22
"IBOV<XBSP>","2020-09-14",100274.52
"IBOV<XBSP>","2020-09-15",100297.91
"IBOV<XBSP>","2020-09-16",99675.68
"IBOV<XBSP>","2020-09-17",100097.83
"IBOV<XBSP>","2020-09-18",98289.71
"IBOV<XBSP>","2020-09-21",96990.72
"IBOV<XBSP>","2020-09-22",97293.54
"IBOV<XBSP>","2020-09-23",95734.82
"IBOV<XBSP>","2020-09-24",97012.07
"IBOV<XBSP>","2020-09-25",96999.38
"IBOV<XBSP>","2020-09-28",94666.37
"IBOV<XBSP>","2020-09-29",93580.35
"IBOV<XBSP>","2020-09-30",94603.38
"IBOV<XBSP>","2020-10-01",95478.52
"IBOV<XBSP>","2020-10-02",94015.68
"IBOV<XBSP>","2020-10-05",96089.19
"IBOV<XBSP>","2020-10-06",95615.03
"IBOV<XBSP>","2020-10-07",95526.26
"IBOV<XBSP>","2020-10-08",97919.73
"IBOV<XBSP>","2020-10-09",97483.31
"IBOV<XBSP>","2020-10-12","-"
"IBOV<XBSP>","2020-10-13",98502.82
"IBOV<XBSP>","2020-10-14",99334.43
"IBOV<XBSP>","2020-10-15",99054.06
"IBOV<XBSP>","2020-10-16",98309.12
"IBOV<XBSP>","2020-10-19",98657.65
"IBOV<XBSP>","2020-10-20",100539.83
"IBOV<XBSP>","2020-10-21",100552.44
"IBOV<XBSP>","2020-10-22",101917.73
"IBOV<XBSP>","2020-10-23",101259.75
"IBOV<XBSP>","2020-10-26",101016.96
"IBOV<XBSP>","2020-10-27",99605.54
"IBOV<XBSP>","2020-10-28",95368.76
"IBOV<XBSP>","2020-10-29",96582.16
"IBOV<XBSP>","2020-10-30",93952.4
"IBOV<XBSP>","2020-11-02","-"
"IBOV<XBSP>","2020-11-03",95979.71
"IBOV<XBSP>","2020-11-04",97866.81
"IBOV<XBSP>","2020-11-05",100751.4
"IBOV<XBSP>","2020-11-06",100925.11
"IBOV<XBSP>","2020-11-09",103515.16
"IBOV<XBSP>","2020-11-10",105066.96
"IBOV<XBSP>","2020-11-11",104808.83
"IBOV<XBSP>","2020-11-12",102507.01
"IBOV<XBSP>","2020-11-13",104723
"IBOV<XBSP>","2020-11-16",106429.92
"IBOV<XBSP>","2020-11-17",107248.63
"IBOV<XBSP>","2020-11-18",106119.09
"IBOV<XBSP>","2020-11-19",106669.9
"IBOV<XBSP>","2020-11-20",106042.48
"IBOV<XBSP>","2020-11-23",107378.92
"IBOV<XBSP>","2020-11-24",109786.3
"IBOV<XBSP>","2020-11-25",110132.53
"IBOV<XBSP>","2020-11-26",110227.09
"IBOV<XBSP>","2020-11-27",110575.47
"IBOV<XBSP>","2020-11-30",108893.32
"IBOV<XBSP>","2020-12-01",111399.91
"IBOV<XBSP>","2020-12-02",111878.53
"IBOV<XBSP>","2020-12-03",112291.59
"IBOV<XBSP>","2020-12-04",113750.22
"IBOV<XBSP>","2020-12-07",113589.77
"IBOV<XBSP>","2020-12-08",113793.06
"IBOV<XBSP>","2020-12-09",113001.16
"IBOV<XBSP>","2020-12-10",115128.63
"IBOV<XBSP>","2020-12-11",115128
"IBOV<XBSP>","2020-12-14",114611.12
"IBOV<XBSP>","2020-12-15",116148.63
"IBOV<XBSP>","2020-12-16",117857.35
"IBOV<XBSP>","2020-12-17",118400.57
"IBOV<XBSP>","2020-12-18",118023.67
"IBOV<XBSP>","2020-12-21",115822.57
"IBOV<XBSP>","2020-12-22",116636.18
"IBOV<XBSP>","2020-12-23",117806.85
"IBOV<XBSP>","2020-12-24","-"
"IBOV<XBSP>","2020-12-25","-"
"IBOV<XBSP>","2020-12-28",119123.7
"IBOV<XBSP>","2020-12-29",119409.15
"IBOV<XBSP>","2020-12-30",119017.24
"IBOV<XBSP>","2020-12-31","-"
"IBOV<XBSP>","2021-01-01","-"
"IBOV<XBSP>","2021-01-04",118854.71
"IBOV<XBSP>","2021-01-05",119376.21
"IBOV<XBSP>","2021-01-06",119100.08
"IBOV<XBSP>","2021-01-07",122385.92
"IBOV<XBSP>","2021-01-08",125076.63
"IBOV<XBSP>","2021-01-11",123255.13
"IBOV<XBSP>","2021-01-12",123998
"IBOV<XBSP>","2021-01-13",121933.08
"IBOV<XBSP>","2021-01-14",123480.52
"IBOV<XBSP>","2021-01-15",120348.8
"IBOV<XBSP>","2021-01-18",121241.63
"IBOV<XBSP>","2021-01-19",120636.39
"IBOV<XBSP>","2021-01-20",119646.4
"IBOV<XBSP>","2021-01-21",118328.99
"IBOV<XBSP>","2021-01-22",117380.49
"IBOV<XBSP>","2021-01-25","-"
"IBOV<XBSP>","2021-01-26",116464.06
"IBOV<XBSP>","2021-01-27",115882.3
"IBOV<XBSP>","2021-01-28",118883.25
"IBOV<XBSP>","2021-01-29",115067.55
"IBOV<XBSP>","2021-02-01",117517.57
"IBOV<XBSP>","2021-02-02",118233.81
"IBOV<XBSP>","2021-02-03",119724.72
"IBOV<XBSP>","2021-02-04",119260.82
"IBOV<XBSP>","2021-02-05",120240.26
"IBOV<XBSP>","2021-02-08",119696.36
"IBOV<XBSP>","2021-02-09",119471.62
"IBOV<XBSP>","2021-02-10",118435.33
"IBOV<XBSP>","2021-02-11",119299.83
"IBOV<XBSP>","2021-02-12",119428.72
"IBOV<XBSP>","2021-02-15","-"
"IBOV<XBSP>","2021-02-16","-"
"IBOV<XBSP>","2021-02-17",120355.79
"IBOV<XBSP>","2021-02-18",119198.97
"IBOV<XBSP>","2021-02-19",118430.53
"IBOV<XBSP>","2021-02-22",112667.7
"IBOV<XBSP>","2021-02-23",115227.46
"IBOV<XBSP>","2021-02-24",115667.78
"IBOV<XBSP>","2021-02-25",112256.36
"IBOV<XBSP>","2021-02-26",110035.17
"IBOV<XBSP>","2021-03-01",110334.83
"IBOV<XBSP>","2021-03-02",111539.8
"IBOV<XBSP>","2021-03-03",111183.95
"IBOV<XBSP>","2021-03-04",112690.17
"IBOV<XBSP>","2021-03-05",115202.23
"IBOV<XBSP>","2021-03-08",110611.58
"IBOV<XBSP>","2021-03-09",111330.62
"IBOV<XBSP>","2021-03-10",112776.49
"IBOV<XBSP>","2021-03-11",114983.76
"IBOV<XBSP>","2021-03-12",114160.4
"IBOV<XBSP>","2021-03-15",114850.74
"IBOV<XBSP>","2021-03-16",114018.78
"IBOV<XBSP>","2021-03-17",116549.44
"IBOV<XBSP>","2021-03-18",114835.43
"IBOV<XBSP>","2021-03-19",116221.58
"IBOV<XBSP>","2021-03-22",114978.86
"IBOV<XBSP>","2021-03-23",113261.8
"IBOV<XBSP>","2021-03-24",112064.19
"IBOV<XBSP>","2021-03-25",113749.9
"IBOV<XBSP>","2021-03-26",114780.62
"IBOV<XBSP>","2021-03-29",115418.72
"IBOV<XBSP>","2021-03-30",116849.67
"IBOV<XBSP>","2021-03-31",116633.72
"IBOV<XBSP>","2021-04-01",115253.31
"IBOV<XBSP>","2021-04-02","-"
"IBOV<XBSP>","2021-04-05",117518.44
"IBOV<XBSP>","2021-04-06",117498.87
"IBOV<XBSP>","2021-04-07",117623.58
"IBOV<XBSP>","2021-04-08",118313.23
"IBOV<XBSP>","2021-04-09",117669.9
"IBOV<XBSP>","2021-04-12",118811.74
"IBOV<XBSP>","2021-04-13",119297.13
"IBOV<XBSP>","2021-04-14",120294.68
"IBOV<XBSP>","2021-04-15",120700.67
"IBOV<XBSP>","2021-04-16",121113.93
"IBOV<XBSP>","2021-04-19",120933.78
"IBOV<XBSP>","2021-04-20",120061.99
"IBOV<XBSP>","2021-04-21","-"
"IBOV<XBSP>","2021-04-22",119371.48
"IBOV<XBSP>","2021-04-23",120530.06
"IBOV<XBSP>","2021-04-26",120594.61
"IBOV<XBSP>","2021-04-27",119388.37
"IBOV<XBSP>","2021-04-28",121052.52
"IBOV<XBSP>","2021-04-29",120065.75
"IBOV<XBSP>","2021-04-30",118893.84
"IBOV<XBSP>","2021-05-03",119209.48
"IBOV<XBSP>","2021-05-04",117712
"IBOV<XBSP>","2021-05-05",119564.44
"IBOV<XBSP>","2021-05-06",119920.61
"IBOV<XBSP>","2021-05-07",122038.11
"IBOV<XBSP>","2021-05-10",121909.03
"IBOV<XBSP>","2021-05-11",122964.01
"IBOV<XBSP>","2021-05-12",119710.03
"IBOV<XBSP>","2021-05-13",120705.91
"IBOV<XBSP>","2021-05-14",121880.82
"IBOV<XBSP>","2021-05-17",122937.87
"IBOV<XBSP>","2021-05-18",122979.96
"IBOV<XBSP>","2021-05-19",122636.3
"IBOV<XBSP>","2021-05-20",122700.79
"IBOV<XBSP>","2021-05-21",122592.47
"IBOV<XBSP>","2021-05-24",124031.62
"IBOV<XBSP>","2021-05-25",122987.71
"IBOV<XBSP>","2021-05-26",123989.17
"IBOV<XBSP>","2021-05-27",124366.57
"IBOV<XBSP>","2021-05-28",125561.37
"IBOV<XBSP>","2021-05-31",126215.73
"IBOV<XBSP>","2021-06-01",128267.05
"IBOV<XBSP>","2021-06-02",129601.44
"IBOV<XBSP>","2021-06-03","-"
"IBOV<XBSP>","2021-06-04",130125.78
"IBOV<XBSP>","2021-06-07",130776.27
"IBOV<XBSP>","2021-06-08",129787.11
"IBOV<XBSP>","2021-06-09",129906.8
"IBOV<XBSP>","2021-06-10",130076.17
"IBOV<XBSP>","2021-06-11",129441.03
"IBOV<XBSP>","2021-06-14",130207.96
"IBOV<XBSP>","2021-06-15",130091.08
"IBOV<XBSP>","2021-06-16",129259.49
"IBOV<XBSP>","2021-06-17",128057.22
"IBOV<XBSP>","2021-06-18",128405.35
"IBOV<XBSP>","2021-06-21",129264.96
"IBOV<XBSP>","2021-06-22",128767.45
"IBOV<XBSP>","2021-06-23",128427.98
"IBOV<XBSP>","2021-06-24",129513.62
"IBOV<XBSP>","2021-06-25",127255.61
"IBOV<XBSP>","2021-06-28",127429.17
"IBOV<XBSP>","2021-06-29",127327.44
"IBOV<XBSP>","2021-06-30",126801.66
"IBOV<XBSP>","2021-07-01",125666.19
"IBOV<XBSP>","2021-07-02",127621.65
"IBOV<XBSP>","2021-07-05",126920.05
"IBOV<XBSP>","2021-07-06",125094.88
"IBOV<XBSP>","2021-07-07",127018.71
"IBOV<XBSP>","2021-07-08",125427.77
"IBOV<XBSP>","2021-07-09","-"
"IBOV<XBSP>","2021-07-12",127593.83
"IBOV<XBSP>","2021-07-13",128167.74
"IBOV<XBSP>","2021-07-14",128406.51
"IBOV<XBSP>","2021-07-15",127467.88
"IBOV<XBSP>","2021-07-16",125960.26
"IBOV<XBSP>","2021-07-19",124394.57
"IBOV<XBSP>","2021-07-20",125401.36
"IBOV<XBSP>","2021-07-21",125929.25
"IBOV<XBSP>","2021-07-22",126146.66
"IBOV<XBSP>","2021-07-23",125052.78
"IBOV<XBSP>","2021-07-26",126003.86
"IBOV<XBSP>","2021-07-27",124612.03
"IBOV<XBSP>","2021-07-28",126285.59
"IBOV<XBSP>","2021-07-29",125675.33
"IBOV<XBSP>","2021-07-30",121800.79
"IBOV<XBSP>","2021-08-02",122515.74
"IBOV<XBSP>","2021-08-03",123576.56
"IBOV<XBSP>","2021-08-04",121801.21
"IBOV<XBSP>","2021-08-05",121632.92
"IBOV<XBSP>","2021-08-06",122810.36
"IBOV<XBSP>","2021-08-09",123019.38
"IBOV<XBSP>","2021-08-10",122202.47
"IBOV<XBSP>","2021-08-11",122056.34
"IBOV<XBSP>","2021-08-12",120700.98
"IBOV<XBSP>","2021-08-13",121193.75
"IBOV<XBSP>","2021-08-16",119180.03
"IBOV<XBSP>","2021-08-17",117903.81
"IBOV<XBSP>","2021-08-18",116642.62
"IBOV<XBSP>","2021-08-19",117164.69
"IBOV<XBSP>","2021-08-20",118052.77
"IBOV<XBSP>","2021-08-23",117471.67
"IBOV<XBSP>","2021-08-24",120210.75
"IBOV<XBSP>","2021-08-25",120817.71
"IBOV<XBSP>","2021-08-26",118723.97
"IBOV<XBSP>","2021-08-27",120677.6
"IBOV<XBSP>","2021-08-30",119739.96
"IBOV<XBSP>","2021-08-31",118781.03
"IBOV<XBSP>","2021-09-01",119395.6
"IBOV<XBSP>","2021-09-02",116677.08
"IBOV<XBSP>","2021-09-03",116933.24
"IBOV<XBSP>","2021-09-06",117868.63
"IBOV<XBSP>","2021-09-07","-"
"IBOV<XBSP>","2021-09-08",113412.84
"IBOV<XBSP>","2021-09-09",115360.86
"IBOV<XBSP>","2021-09-10",114285.93
"IBOV<XBSP>","2021-09-13",116403.72
"IBOV<XBSP>","2021-09-14",116180.55
"IBOV<XBSP>","2021-09-15",115062.54
"IBOV<XBSP>","2021-09-16",113794.28
"IBOV<XBSP>","2021-09-17",111439.37
"IBOV<XBSP>","2021-09-20",108843.74
"IBOV<XBSP>","2021-09-21",110249.73
"IBOV<XBSP>","2021-09-22",112282.28
"IBOV<XBSP>","2021-09-23",114064.36
"IBOV<XBSP>","2021-09-24",113282.67
"IBOV<XBSP>","2021-09-27",113583.01
"IBOV<XBSP>","2021-09-28",110123.85
"IBOV<XBSP>","2021-09-29",111106.83
"IBOV<XBSP>","2021-09-30",110979.1
"IBOV<XBSP>","2021-10-01",112899.64
"IBOV<XBSP>","2021-10-04",110393.09
"IBOV<XBSP>","2021-10-05",110457.64
"IBOV<XBSP>","2021-10-06",110559.57
"IBOV<XBSP>","2021-10-07",110585.43
"IBOV<XBSP>","2021-10-08",112833.2
"IBOV<XBSP>","2021-10-11",112180.48
"IBOV<XBSP>","2021-10-12","-"
"IBOV<XBSP>","2021-10-13",113455.92
"IBOV<XBSP>","2021-10-14",113185.48
"IBOV<XBSP>","2021-10-15",114647.99
"IBOV<XBSP>","2021-10-18",114428.18
"IBOV<XBSP>","2021-10-19",110672.76
"IBOV<XBSP>","2021-10-20",110786.43
"IBOV<XBSP>","2021-10-21",107735.01
"IBOV<XBSP>","2021-10-22",106296.18
"IBOV<XBSP>","2021-10-25",108714.55
"IBOV<XBSP>","2021-10-26",106419.53
"IBOV<XBSP>","2021-10-27",106363.1
"IBOV<XBSP>","2021-10-28",105704.96
"IBOV<XBSP>","2021-10-29",103500.71
"IBOV<XBSP>","2021-11-01",105550.86
"IBOV<XBSP>","2021-11-02","-"
"IBOV<XBSP>","2021-11-03",105616.88
"IBOV<XBSP>","2021-11-04",103412.09
"IBOV<XBSP>","2021-11-05",104824.23
"IBOV<XBSP>","2021-11-08",104781.13
"IBOV<XBSP>","2021-11-09",105535.08
"IBOV<XBSP>","2021-11-10",105967.51
"IBOV<XBSP>","2021-11-11",107594.67
"IBOV<XBSP>","2021-11-12",106334.54
"IBOV<XBSP>","2021-11-15","-"
"IBOV<XBSP>","2021-11-16",104403.66
"IBOV<XBSP>","2021-11-17",102948.45
"IBOV<XBSP>","2021-11-18",102426
"IBOV<XBSP>","2021-11-19",103035.02
"IBOV<XBSP>","2021-11-22",102122.37
"IBOV<XBSP>","2021-11-23",103653.82
"IBOV<XBSP>","2021-11-24",104514.19
"IBOV<XBSP>","2021-11-25",105811.25
"IBOV<XBSP>","2021-11-26",102224.26
"IBOV<XBSP>","2021-11-29",102814.03
"IBOV<XBSP>","2021-11-30",101915.45
"IBOV<XBSP>","2021-12-01",100774.57
"IBOV<XBSP>","2021-12-02",104466.24
"IBOV<XBSP>","2021-12-03",105069.69
"IBOV<XBSP>","2021-12-06",106858.87
"IBOV<XBSP>","2021-12-07",107557.67
"IBOV<XBSP>","2021-12-08",108095.53
"IBOV<XBSP>","2021-12-09",106291.24
"IBOV<XBSP>","2021-12-10",107758.34
"IBOV<XBSP>","2021-12-13",107383.32
"IBOV<XBSP>","2021-12-14",106759.92
"IBOV<XBSP>","2021-12-15",107431.18
"IBOV<XBSP>","2021-12-16",108326.33
"IBOV<XBSP>","2021-12-17",107200.56
"IBOV<XBSP>","2021-12-20",105019.78
"IBOV<XBSP>","2021-12-21",105499.88
"IBOV<XBSP>","2021-12-22",105243.72
"IBOV<XBSP>","2021-12-23",104891.32
"IBOV<XBSP>","2021-12-24","-"
"IBOV<XBSP>","2021-12-27",105554.4
"IBOV<XBSP>","2021-12-28",104864.17
"IBOV<XBSP>","2021-12-29",104107.24
"IBOV<XBSP>","2021-12-30",104822.44
"IBOV<XBSP>","2021-12-31","-"
"IBOV<XBSP>","2022-01-03",103921.59
"IBOV<XBSP>","2022-01-04",103513.64
"IBOV<XBSP>","2022-01-05",101005.64
"IBOV<XBSP>","2022-01-06",101561.05
"IBOV<XBSP>","2022-01-07",102719.47
"IBOV<XBSP>","2022-01-10",101945.2
"IBOV<XBSP>","2022-01-11",103778.98
"IBOV<XBSP>","2022-01-12",105685.66
"IBOV<XBSP>","2022-01-13",105529.5
"IBOV<XBSP>","2022-01-14",106927.79
"IBOV<XBSP>","2022-01-17",106373.87
"IBOV<XBSP>","2022-01-18",106667.66
"IBOV<XBSP>","2022-01-19",108013.47
"IBOV<XBSP>","2022-01-20",109101.99
"IBOV<XBSP>","2022-01-21",108941.68
"IBOV<XBSP>","2022-01-24",107937.11
"IBOV<XBSP>","2022-01-25",110203.77
"IBOV<XBSP>","2022-01-26",111289.18
"IBOV<XBSP>","2022-01-27",112611.65
"IBOV<XBSP>","2022-01-28",111910.1
"IBOV<XBSP>","2022-01-31",112143.51
"IBOV<XBSP>","2022-02-01",113228.31
"IBOV<XBSP>","2022-02-02",111894.36
"IBOV<XBSP>","2022-02-03",111695.94
"IBOV<XBSP>","2022-02-04",112244.94
"IBOV<XBSP>","2022-02-07",111996.4
"IBOV<XBSP>","2022-02-08",112234.46
"IBOV<XBSP>","2022-02-09",112461.39
"IBOV<XBSP>","2022-02-10",113367.77
"IBOV<XBSP>","2022-02-11",113572.35
"IBOV<XBSP>","2022-02-14",113899.19
"IBOV<XBSP>","2022-02-15",114828.18
"IBOV<XBSP>","2022-02-16",115180.95
"IBOV<XBSP>","2022-02-17",113528.48
"IBOV<XBSP>","2022-02-18",112879.85
"IBOV<XBSP>","2022-02-21",111725.3
"IBOV<XBSP>","2022-02-22",112891.8
"IBOV<XBSP>","2022-02-23",112007.61
"IBOV<XBSP>","2022-02-24",111591.87
"IBOV<XBSP>","2022-02-25",113141.94
"IBOV<XBSP>","2022-02-28","-"
"IBOV<XBSP>","2022-03-01","-"
"IBOV<XBSP>","2022-03-02",115173.61
"IBOV<XBSP>","2022-03-03",115165.55
"IBOV<XBSP>","2022-03-04",114473.78
"IBOV<XBSP>","2022-03-07",111593.46
"IBOV<XBSP>","2022-03-08",111203.45
"IBOV<XBSP>","2022-03-09",113900.34
"IBOV<XBSP>","2022-03-10",113663.13
"IBOV<XBSP>","2022-03-11",111713.07
"IBOV<XBSP>","2022-03-14",109927.62
"IBOV<XBSP>","2022-03-15",108959.3
"IBOV<XBSP>","2022-03-16",111112.43
"IBOV<XBSP>","2022-03-17",113076.33
"IBOV<XBSP>","2022-03-18",115310.91
"IBOV<XBSP>","2022-03-21",116154.53
"IBOV<XBSP>","2022-03-22",117272.44
"IBOV<XBSP>","2022-03-23",117457.34
"IBOV<XBSP>","2022-03-24",119052.91
"IBOV<XBSP>","2022-03-25",119081.13
"IBOV<XBSP>","2022-03-28",118737.78
"IBOV<XBSP>","2022-03-29",120014.17
"IBOV<XBSP>","2022-03-30",120259.76
"IBOV<XBSP>","2022-03-31",119999.23
"IBOV<XBSP>","2022-04-01",121570.15
"IBOV<XBSP>","2022-04-04",121279.51
"IBOV<XBSP>","2022-04-05",118885.15
"IBOV<XBSP>","2022-04-06",118227.75
"IBOV<XBSP>","2022-04-07",118862.12
"IBOV<XBSP>","2022-04-08",118322.26
"IBOV<XBSP>","2022-04-11",116952.85
"IBOV<XBSP>","2022-04-12",116146.86
"IBOV<XBSP>","2022-04-13",116781.96
"IBOV<XBSP>","2022-04-14",116181.61
"IBOV<XBSP>","2022-04-15","-"
"IBOV<XBSP>","2022-04-18",115687.25
"IBOV<XBSP>","2022-04-19",115056.66
"IBOV<XBSP>","2022-04-20",114343.78
"IBOV<XBSP>","2022-04-21","-"
"IBOV<XBSP>","2022-04-22",111077.51
"IBOV<XBSP>","2022-04-25",110684.95
"IBOV<XBSP>","2022-04-26",108212.86
"IBOV<XBSP>","2022-04-27",109349.37
"IBOV<XBSP>","2022-04-28",109918.97
"IBOV<XBSP>","2022-04-29",107876.16
"IBOV<XBSP>","2022-05-02",106638.64
"IBOV<XBSP>","2022-05-03",106528.09
"IBOV<XBSP>","2022-05-04",108343.74
"IBOV<XBSP>","2022-05-05",105304.19
"IBOV<XBSP>","2022-05-06",105134.73
"IBOV<XBSP>","2022-05-09",103250.02
"IBOV<XBSP>","2022-05-10",103109.94
"IBOV<XBSP>","2022-05-11",104396.9
"IBOV<XBSP>","2022-05-12",105687.64
"IBOV<XBSP>","2022-05-13",106924.18
"IBOV<XBSP>","2022-05-16",108232.74
"IBOV<XBSP>","2022-05-17",108789.33
"IBOV<XBSP>","2022-05-18",106247.15
"IBOV<XBSP>","2022-05-19",107005.22
"IBOV<XBSP>","2022-05-20",108487.88
"IBOV<XBSP>","2022-05-23",110345.82
"IBOV<XBSP>","2022-05-24",110580.79
"IBOV<XBSP>","2022-05-25",110579.81
"IBOV<XBSP>","2022-05-26",111889.88
"IBOV<XBSP>","2022-05-27",111941.68
"IBOV<XBSP>","2022-05-30",111032.11
"IBOV<XBSP>","2022-05-31",111350.51
"IBOV<XBSP>","2022-06-01",111359.94
"IBOV<XBSP>","2022-06-02",112392.91
"IBOV<XBSP>","2022-06-03",111102.32
"IBOV<XBSP>","2022-06-06",110185.91
"IBOV<XBSP>","2022-06-07",110069.76
"IBOV<XBSP>","2022-06-08",108367.67
"IBOV<XBSP>","2022-06-09",107093.71
"IBOV<XBSP>","2022-06-10",105481.23
"IBOV<XBSP>","2022-06-13",102598.18
"IBOV<XBSP>","2022-06-14",102063.25
"IBOV<XBSP>","2022-06-15",102806.82
"IBOV<XBSP>","2022-06-16","-"
"IBOV<XBSP>","2022-06-17",99824.94
"IBOV<XBSP>","2022-06-20",99852.67
"IBOV<XBSP>","2022-06-21",99684.5
"IBOV<XBSP>","2022-06-22",99522.32
"IBOV<XBSP>","2022-06-23",98080.34
"IBOV<XBSP>","2022-06-24",98672.26
"IBOV<XBSP>","2022-06-27",100763.6
"IBOV<XBSP>","2022-06-28",100591.41
"IBOV<XBSP>","2022-06-29",99621.58
"IBOV<XBSP>","2022-06-30",98541.95
"IBOV<XBSP>","2022-07-01",98953.9
"IBOV<XBSP>","2022-07-04",98608.76
"IBOV<XBSP>","2022-07-05",98294.64
"IBOV<XBSP>","2022-07-06",98718.98
"IBOV<XBSP>","2022-07-07",100729.72
"IBOV<XBSP>","2022-07-08",100288.94
"IBOV<XBSP>","2022-07-11",98212.46
"IBOV<XBSP>","2022-07-12",98271.21
"IBOV<XBSP>","2022-07-13",97881.16
"IBOV<XBSP>","2022-07-14",96120.85
"IBOV<XBSP>","2022-07-15",96551
"IBOV<XBSP>","2022-07-18",96916.13
"IBOV<XBSP>","2022-07-19",98244.8
"IBOV<XBSP>","2022-07-20",98286.83
"IBOV<XBSP>","2022-07-21",99033.17
"IBOV<XBSP>","2022-07-22",98924.82
"IBOV<XBSP>","2022-07-25",100269.85
"IBOV<XBSP>","2022-07-26",99771.69
"IBOV<XBSP>","2022-07-27",101437.96
"IBOV<XBSP>","2022-07-28",102596.66
"IBOV<XBSP>","2022-07-29",103164.69
"IBOV<XBSP>","2022-08-01",102225.08
"IBOV<XBSP>","2022-08-02",103361.7
"IBOV<XBSP>","2022-08-03",103774.68
"IBOV<XBSP>","2022-08-04",105892.22
"IBOV<XBSP>","2022-08-05",106471.92
"IBOV<XBSP>","2022-08-08",108402.27
"IBOV<XBSP>","2022-08-09",108651.05
"IBOV<XBSP>","2022-08-10",110235.76
"IBOV<XBSP>","2022-08-11",109717.94
"IBOV<XBSP>","2022-08-12",112764.26
"IBOV<XBSP>","2022-08-15",113031.98
"IBOV<XBSP>","2022-08-16",113512.38
"IBOV<XBSP>","2022-08-17",113707.76
"IBOV<XBSP>","2022-08-18",113812.87
"IBOV<XBSP>","2022-08-19",111496.21
"IBOV<XBSP>","2022-08-22",110500.53
"IBOV<XBSP>","2022-08-23",112857.1
"IBOV<XBSP>","2022-08-24",112897.84
"IBOV<XBSP>","2022-08-25",113531.72
"IBOV<XBSP>","2022-08-26",112298.86
"IBOV<XBSP>","2022-08-29",112323.12
"IBOV<XBSP>","2022-08-30",110430.64
"IBOV<XBSP>","2022-08-31",109522.88
"IBOV<XBSP>","2022-09-01",110405.3
"IBOV<XBSP>","2022-09-02",110864.24
"IBOV<XBSP>","2022-09-05",112203.35
"IBOV<XBSP>","2022-09-06",109763.77
"IBOV<XBSP>","2022-09-07","-"
"IBOV<XBSP>","2022-09-08",109915.64
"IBOV<XBSP>","2022-09-09",112300.41
"IBOV<XBSP>","2022-09-12",113406.55
"IBOV<XBSP>","2022-09-13",110793.96
"IBOV<XBSP>","2022-09-14",110546.67
"IBOV<XBSP>","2022-09-15",109953.65
"IBOV<XBSP>","2022-09-16",109280.37
"IBOV<XBSP>","2022-09-19",111823.89
"IBOV<XBSP>","2022-09-20",112516.91
"IBOV<XBSP>","2022-09-21",111935.86
"IBOV<XBSP>","2022-09-22",114070.48
"IBOV<XBSP>","2022-09-23",111716
"IBOV<XBSP>","2022-09-26",109114.16
"IBOV<XBSP>","2022-09-27",108376.35
"IBOV<XBSP>","2022-09-28",108451.2
"IBOV<XBSP>","2022-09-29",107664.35
"IBOV<XBSP>","2022-09-30",110036.79
"IBOV<XBSP>","2022-10-03",116134.46
"IBOV<XBSP>","2022-10-04",116230.12
"IBOV<XBSP>","2022-10-05",117197.82
"IBOV<XBSP>","2022-10-06",117560.83
"IBOV<XBSP>","2022-10-07",116375.25
"IBOV<XBSP>","2022-10-10",115940.64
"IBOV<XBSP>","2022-10-11",114827.12
"IBOV<XBSP>","2022-10-12","-"
"IBOV<XBSP>","2022-10-13",114300.09
"IBOV<XBSP>","2022-10-14",112072.34
"IBOV<XBSP>","2022-10-17",113623.98
"IBOV<XBSP>","2022-10-18",115743.07
"IBOV<XBSP>","2022-10-19",116274.24
"IBOV<XBSP>","2022-10-20",117171.11
"IBOV<XBSP>","2022-10-21",119928.79
"IBOV<XBSP>","2022-10-24",116012.7
"IBOV<XBSP>","2022-10-25",114625.59
"IBOV<XBSP>","2022-10-26",112763.79
"IBOV<XBSP>","2022-10-27",114640.76
"IBOV<XBSP>","2022-10-28",114539.05
"IBOV<XBSP>","2022-10-31",116037.08
"IBOV<XBSP>","2022-11-01",116928.66
"IBOV<XBSP>","2022-11-02","-"
"IBOV<XBSP>","2022-11-03",116896.36
"IBOV<XBSP>","2022-11-04",118155.46
"IBOV<XBSP>","2022-11-07",115342.4
"IBOV<XBSP>","2022-11-08",116160.35
"IBOV<XBSP>","2022-11-09",113580.09
"IBOV<XBSP>","2022-11-10",109775.46
"IBOV<XBSP>","2022-11-11",112253.49
"IBOV<XBSP>","2022-11-14",113161.28
"IBOV<XBSP>","2022-11-15","-"
"IBOV<XBSP>","2022-11-16",110243.33
"IBOV<XBSP>","2022-11-17",109702.78
"IBOV<XBSP>","2022-11-18",108870.17
"IBOV<XBSP>","2022-11-21",109748.18
"IBOV<XBSP>","2022-11-22",109036.54
"IBOV<XBSP>","2022-11-23",108841.15
"IBOV<XBSP>","2022-11-24",111831.16
"IBOV<XBSP>","2022-11-25",108976.7
"IBOV<XBSP>","2022-11-28",108782.15
"IBOV<XBSP>","2022-11-29",110909.61
"IBOV<XBSP>","2022-11-30",112486.01
"IBOV<XBSP>","2022-12-01",110925.6
"IBOV<XBSP>","2022-12-02",111923.93
"IBOV<XBSP>","2022-12-05",109401.41
"IBOV<XBSP>","2022-12-06",110188.57
"IBOV<XBSP>","2022-12-07",109068.55
"IBOV<XBSP>","2022-12-08",107249.04
"IBOV<XBSP>","2022-12-09",107519.56
"IBOV<XBSP>","2022-12-12",105343.33
"IBOV<XBSP>","2022-12-13",103539.67
"IBOV<XBSP>","2022-12-14",103745.77
"IBOV<XBSP>","2022-12-15",103737.69
"IBOV<XBSP>","2022-12-16",102855.7
"IBOV<XBSP>","2022-12-19",104739.75
"IBOV<XBSP>","2022-12-20",106864.11
"IBOV<XBSP>","2022-12-21",107433.14
"IBOV<XBSP>","2022-12-22",107551.52
"IBOV<XBSP>","2022-12-23",109697.57
"IBOV<XBSP>","2022-12-26",108737.75
"IBOV<XBSP>","2022-12-27",108578.2
"IBOV<XBSP>","2022-12-28",110236.71
"IBOV<XBSP>","2022-12-29",109734.6
"IBOV<XBSP>","2022-12-30","-"
"IBOV<XBSP>","2023-01-02",106376.02
"IBOV<XBSP>","2023-01-03",104165.74
"IBOV<XBSP>","2023-01-04",105334.46
"IBOV<XBSP>","2023-01-05",107641.32
"IBOV<XBSP>","2023-01-06",108963.7
"IBOV<XBSP>","2023-01-09",109129.57
"IBOV<XBSP>","2023-01-10",110816.71
"IBOV<XBSP>","2023-01-11",112517.08
"IBOV<XBSP>","2023-01-12",111850.22
"IBOV<XBSP>","2023-01-13",110916.08
"IBOV<XBSP>","2023-01-16",109212.66
"IBOV<XBSP>","2023-01-17",111439.12
"IBOV<XBSP>","2023-01-18",112228.39
"IBOV<XBSP>","2023-01-19",112921.88
"IBOV<XBSP>","2023-01-20",112040.64
"IBOV<XBSP>","2023-01-23",111737.28
"IBOV<XBSP>","2023-01-24",113028.15
"IBOV<XBSP>","2023-01-25",114270.07
"IBOV<XBSP>","2023-01-26",114177.55
"IBOV<XBSP>","2023-01-27",112316.16
"IBOV<XBSP>","2023-01-30",112273.01
"IBOV<XBSP>","2023-01-31",113430.54
"IBOV<XBSP>","2023-02-01",112073.55
"IBOV<XBSP>","2023-02-02",110140.64
"IBOV<XBSP>","2023-02-03",108523.47
"IBOV<XBSP>","2023-02-06",108721.58
"IBOV<XBSP>","2023-02-07",107829.73
"IBOV<XBSP>","2023-02-08",109951.49
"IBOV<XBSP>","2023-02-09",108008.05
"IBOV<XBSP>","2023-02-10",108078.27
"IBOV<XBSP>","2023-02-13",108836.47
"IBOV<XBSP>","2023-02-14",107848.81
"IBOV<XBSP>","2023-02-15",109600.14
"IBOV<XBSP>","2023-02-16",109941.46
"IBOV<XBSP>","2023-02-17",109176.92
"IBOV<XBSP>","2023-02-20","-"
"IBOV<XBSP>","2023-02-21","-"
"IBOV<XBSP>","2023-02-22",107152.05
"IBOV<XBSP>","2023-02-23",107592.87
"IBOV<XBSP>","2023-02-24",105798.43
"IBOV<XBSP>","2023-02-27",105711.05
"IBOV<XBSP>","2023-02-28",104931.93
"IBOV<XBSP>","2023-03-01",104384.67
"IBOV<XBSP>","2023-03-02",103325.61
"IBOV<XBSP>","2023-03-03",103865.99
"IBOV<XBSP>","2023-03-06",104700.32
"IBOV<XBSP>","2023-03-07",104227.93
"IBOV<XBSP>","2023-03-08",106540.32
"IBOV<XBSP>","2023-03-09",105071.19
"IBOV<XBSP>","2023-03-10",103618.2
"IBOV<XBSP>","2023-03-13",103121.36
"IBOV<XBSP>","2023-03-14",102932.38
"IBOV<XBSP>","2023-03-15",102675.45
"IBOV<XBSP>","2023-03-16",103434.66
"IBOV<XBSP>","2023-03-17",101981.53
"IBOV<XBSP>","2023-03-20",100922.89
"IBOV<XBSP>","2023-03-21",100998.13
"IBOV<XBSP>","2023-03-22",100220.63
"IBOV<XBSP>","2023-03-23",97926.34
"IBOV<XBSP>","2023-03-24",98829.27
"IBOV<XBSP>","2023-03-27",99670.47
"IBOV<XBSP>","2023-03-28",101185.09
"IBOV<XBSP>","2023-03-29",101792.52
"IBOV<XBSP>","2023-03-30",103713.45
"IBOV<XBSP>","2023-03-31",101882.2
"IBOV<XBSP>","2023-04-03",101506.18
"IBOV<XBSP>","2023-04-04",101869.45
"IBOV<XBSP>","2023-04-05",100977.85
"IBOV<XBSP>","2023-04-06",100821.73
"IBOV<XBSP>","2023-04-07","-"
"IBOV<XBSP>","2023-04-10",101846.64
"IBOV<XBSP>","2023-04-11",106213.76
"IBOV<XBSP>","2023-04-12",106889.71
"IBOV<XBSP>","2023-04-13",106457.85
"IBOV<XBSP>","2023-04-14",106279.37
"IBOV<XBSP>","2023-04-17",106015.67
"IBOV<XBSP>","2023-04-18",106163.23
"IBOV<XBSP>","2023-04-19",103912.94
"IBOV<XBSP>","2023-04-20",104366.82
"IBOV<XBSP>","2023-04-21","-"
"IBOV<XBSP>","2023-04-24",103946.58
"IBOV<XBSP>","2023-04-25",103220.09
"IBOV<XBSP>","2023-04-26",102312.1
"IBOV<XBSP>","2023-04-27",102923.31
"IBOV<XBSP>","2023-04-28",104431.63
"IBOV<XBSP>","2023-05-01","-"
"IBOV<XBSP>","2023-05-02",101926.95
"IBOV<XBSP>","2023-05-03",101797.09
"IBOV<XBSP>","2023-05-04",102174.34
"IBOV<XBSP>","2023-05-05",105148.48
"IBOV<XBSP>","2023-05-08",106042.15
"IBOV<XBSP>","2023-05-09",107113.66
"IBOV<XBSP>","2023-05-10",107448.21
"IBOV<XBSP>","2023-05-11",108256.4
"IBOV<XBSP>","2023-05-12",108463.84
"IBOV<XBSP>","2023-05-15",109029.12
"IBOV<XBSP>","2023-05-16",108193.68
"IBOV<XBSP>","2023-05-17",109459.95
"IBOV<XBSP>","2023-05-18",110108.46
"IBOV<XBSP>","2023-05-19",110744.51
"IBOV<XBSP>","2023-05-22",110213.12
"IBOV<XBSP>","2023-05-23",109928.53
"IBOV<XBSP>","2023-05-24",108799.54
"IBOV<XBSP>","2023-05-25",110054.38
"IBOV<XBSP>","2023-05-26",110905.51
"IBOV<XBSP>","2023-05-29",110333.4
"IBOV<XBSP>","2023-05-30",108967.03
"IBOV<XBSP>","2023-05-31",108335.07
"IBOV<XBSP>","2023-06-01",110564.66
"IBOV<XBSP>","2023-06-02",112558.15
"IBOV<XBSP>","2023-06-05",112696.32
"IBOV<XBSP>","2023-06-06",114610.1
"IBOV<XBSP>","2023-06-07",115488.16
"IBOV<XBSP>","2023-06-08","-"
"IBOV<XBSP>","2023-06-09",117019.48
"IBOV<XBSP>","2023-06-12",117336.34
"IBOV<XBSP>","2023-06-13",116742.71
"IBOV<XBSP>","2023-06-14",119068.77
"IBOV<XBSP>","2023-06-15",119221
"IBOV<XBSP>","2023-06-16",118758.42
"IBOV<XBSP>","2023-06-19",119857.76
"IBOV<XBSP>","2023-06-20",119622.4
"IBOV<XBSP>","2023-06-21",120420.26
"IBOV<XBSP>","2023-06-22",118934.2
"IBOV<XBSP>","2023-06-23",118977.1
"IBOV<XBSP>","2023-06-26",118242.95
"IBOV<XBSP>","2023-06-27",117522.87
"IBOV<XBSP>","2023-06-28",116681.32
"IBOV<XBSP>","2023-06-29",118382.65
"IBOV<XBSP>","2023-06-30",118087
"IBOV<XBSP>","2023-07-03",119672.78
"IBOV<XBSP>","2023-07-04",119076.37
"IBOV<XBSP>","2023-07-05",119549.21
"IBOV<XBSP>","2023-07-06",117425.7
"IBOV<XBSP>","2023-07-07",118897.99
"IBOV<XBSP>","2023-07-10",117942.44
"IBOV<XBSP>","2023-07-11",117555.52
"IBOV<XBSP>","2023-07-12",117666.49
"IBOV<XBSP>","2023-07-13",119263.89
"IBOV<XBSP>","2023-07-14",117710.54
"IBOV<XBSP>","2023-07-17",118219.46
"IBOV<XBSP>","2023-07-18",117841.19
"IBOV<XBSP>","2023-07-19",117552.07
"IBOV<XBSP>","2023-07-20",118082.9
"IBOV<XBSP>","2023-07-21",120216.77
"IBOV<XBSP>","2023-07-24",121341.69
"IBOV<XBSP>","2023-07-25",122007.77
"IBOV<XBSP>","2023-07-26",122560.38
"IBOV<XBSP>","2023-07-27",119989.64
"IBOV<XBSP>","2023-07-28",120187.11
"IBOV<XBSP>","2023-07-31",121942.98
"IBOV<XBSP>","2023-08-01",121248.39
"IBOV<XBSP>","2023-08-02",120858.72
"IBOV<XBSP>","2023-08-03",120585.77
"IBOV<XBSP>","2023-08-04",119507.68
"IBOV<XBSP>","2023-08-07",119379.5
"IBOV<XBSP>","2023-08-08",119090.24
"IBOV<XBSP>","2023-08-09",118408.77
"IBOV<XBSP>","2023-08-10",118349.6
"IBOV<XBSP>","2023-08-11",118065.14
"IBOV<XBSP>","2023-08-14",116809.55
"IBOV<XBSP>","2023-08-15",116171.42
"IBOV<XBSP>","2023-08-16",115591.52
"IBOV<XBSP>","2023-08-17",114982.3
"IBOV<XBSP>","2023-08-18",115408.52
"IBOV<XBSP>","2023-08-21",114429.35
"IBOV<XBSP>","2023-08-22",116156.01
"IBOV<XBSP>","2023-08-23",118134.59
"IBOV<XBSP>","2023-08-24",117025.6
"IBOV<XBSP>","2023-08-25",115837.2
"IBOV<XBSP>","2023-08-28",117120.98
"IBOV<XBSP>","2023-08-29",118403.61
"IBOV<XBSP>","2023-08-30",117535.1
"IBOV<XBSP>","2023-08-31",115741.81
"IBOV<XBSP>","2023-09-01",117892.96
"IBOV<XBSP>","2023-09-04",117776.62
"IBOV<XBSP>","2023-09-05",117331.3
"IBOV<XBSP>","2023-09-06",115985.34
"IBOV<XBSP>","2023-09-07","-"
"IBOV<XBSP>","2023-09-08",115313.4
"IBOV<XBSP>","2023-09-11",116883.34
"IBOV<XBSP>","2023-09-12",117968.12
"IBOV<XBSP>","2023-09-13",118175.97
"IBOV<XBSP>","2023-09-14",119391.55
"IBOV<XBSP>","2023-09-15",118757.53
"IBOV<XBSP>","2023-09-18",118288.21
"IBOV<XBSP>","2023-09-19",117845.78
"IBOV<XBSP>","2023-09-20",118695.32
"IBOV<XBSP>","2023-09-21",116145.05
"IBOV<XBSP>","2023-09-22",116008.64
"IBOV<XBSP>","2023-09-25",115924.61
"IBOV<XBSP>","2023-09-26",114193.43
"IBOV<XBSP>","2023-09-27",114327.05
"IBOV<XBSP>","2023-09-28",115730.76
"IBOV<XBSP>","2023-09-29",116565.17
"IBOV<XBSP>","2023-10-02",115056.86
"IBOV<XBSP>","2023-10-03",113419.04
"IBOV<XBSP>","2023-10-04",113607.45
"IBOV<XBSP>","2023-10-05",113284.08
"IBOV<XBSP>","2023-10-06",114169.63
"IBOV<XBSP>","2023-10-09",115156.07
"IBOV<XBSP>","2023-10-10",116736.95
"IBOV<XBSP>","2023-10-11",117050.74
"IBOV<XBSP>","2023-10-12","-"
"IBOV<XBSP>","2023-10-13",115754.08
"IBOV<XBSP>","2023-10-16",116533.85
"IBOV<XBSP>","2023-10-17",115908.43
"IBOV<XBSP>","2023-10-18",114059.64
"IBOV<XBSP>","2023-10-19",114004.3
"IBOV<XBSP>","2023-10-20",113155.28
"IBOV<XBSP>","2023-10-23",112784.52
"IBOV<XBSP>","2023-10-24",113761.9
"IBOV<XBSP>","2023-10-25",112829.97
"IBOV<XBSP>","2023-10-26",114776.86
"IBOV<XBSP>","2023-10-27",113301.35
"IBOV<XBSP>","2023-10-30",112531.52
"IBOV<XBSP>","2023-10-31",113143.67
"IBOV<XBSP>","2023-11-01",115052.96
"IBOV<XBSP>","2023-11-02","-"
"IBOV<XBSP>","2023-11-03",118159.97
"IBOV<XBSP>","2023-11-06",118431.25
"IBOV<XBSP>","2023-11-07",119268.06
"IBOV<XBSP>","2023-11-08",119176.67
"IBOV<XBSP>","2023-11-09",119034.14
"IBOV<XBSP>","2023-11-10",120568.14
"IBOV<XBSP>","2023-11-13",120410.17
"IBOV<XBSP>","2023-11-14",123165.76
"IBOV<XBSP>","2023-11-15","-"
"IBOV<XBSP>","2023-11-16",124639.24
"IBOV<XBSP>","2023-11-17",124773.21
"IBOV<XBSP>","2023-11-20",125957.06
"IBOV<XBSP>","2023-11-21",125626.03
"IBOV<XBSP>","2023-11-22",126035.3
"IBOV<XBSP>","2023-11-23",126575.75
"IBOV<XBSP>","2023-11-24",125517.27
"IBOV<XBSP>","2023-11-27",125731.45
"IBOV<XBSP>","2023-11-28",126538.32
"IBOV<XBSP>","2023-11-29",126165.64
"IBOV<XBSP>","2023-11-30",127331.12
"IBOV<XBSP>","2023-12-01",128184.91
"IBOV<XBSP>","2023-12-04",126802.79
"IBOV<XBSP>","2023-12-05",126903.25
"IBOV<XBSP>","2023-12-06",125622.65
"IBOV<XBSP>","2023-12-07",126009.57
"IBOV<XBSP>","2023-12-08",127093.57
"IBOV<XBSP>","2023-12-11",126916.41
"IBOV<XBSP>","2023-12-12",126403.03
"IBOV<XBSP>","2023-12-13",129465.08
"IBOV<XBSP>","2023-12-14",130842.09
"IBOV<XBSP>","2023-12-15",130197.1
"IBOV<XBSP>","2023-12-18",131083.82
"IBOV<XBSP>","2023-12-19",131850.9
"IBOV<XBSP>","2023-12-20",130804.17
"IBOV<XBSP>","2023-12-21",132182.01
"IBOV<XBSP>","2023-12-22",132752.93
"IBOV<XBSP>","2023-12-25","-"
"IBOV<XBSP>","2023-12-26",133532.92
"IBOV<XBSP>","2023-12-27",134193.72
"IBOV<XBSP>","2023-12-28",134185.24
"IBOV<XBSP>","2023-12-29","-"
"IBOV<XBSP>","2024-01-01","-"
"IBOV<XBSP>","2024-01-02",132696.63
"IBOV<XBSP>","2024-01-03",132833.95
"IBOV<XBSP>","2024-01-04",131225.91
"IBOV<XBSP>","2024-01-05",132022.92
"IBOV<XBSP>","2024-01-08",132426.54
"IBOV<XBSP>","2024-01-09",131446.59
"IBOV<XBSP>","2024-01-10",130841.09
"IBOV<XBSP>","2024-01-11",130648.75
"IBOV<XBSP>","2024-01-12",130987.67
"IBOV<XBSP>","2024-01-15",131520.91
"IBOV<XBSP>","2024-01-16",129294.04
"IBOV<XBSP>","2024-01-17",128523.83
"IBOV<XBSP>","2024-01-18",127315.74
"IBOV<XBSP>","2024-01-19",127635.65
"IBOV<XBSP>","2024-01-22",126601.55
"IBOV<XBSP>","2024-01-23",128262.52
"IBOV<XBSP>","2024-01-24",127815.7
"IBOV<XBSP>","2024-01-25",128168.73
"IBOV<XBSP>","2024-01-26",128967.32
"IBOV<XBSP>","2024-01-29",128502.66
"IBOV<XBSP>","2024-01-30",127401.81
"IBOV<XBSP>","2024-01-31",127752.28
"IBOV<XBSP>","2024-02-01",128481.02
"IBOV<XBSP>","2024-02-02",127182.25
"IBOV<XBSP>","2024-02-05",127593.49
"IBOV<XBSP>","2024-02-06",130416.31
"IBOV<XBSP>","2024-02-07",129949.9
"IBOV<XBSP>","2024-02-08",128216.92
"IBOV<XBSP>","2024-02-09",128025.7
"IBOV<XBSP>","2024-02-12","-"
"IBOV<XBSP>","2024-02-13","-"
"IBOV<XBSP>","2024-02-14",127018.29
"IBOV<XBSP>","2024-02-15",127804.13
"IBOV<XBSP>","2024-02-16",128725.88
"IBOV<XBSP>","2024-02-19",129035.74
"IBOV<XBSP>","2024-02-20",129916.11
"IBOV<XBSP>","2024-02-21",130031.58
"IBOV<XBSP>","2024-02-22",130240.55
"IBOV<XBSP>","2024-02-23",129418.73
"IBOV<XBSP>","2024-02-26",129609.05
"IBOV<XBSP>","2024-02-27",131689.37
"IBOV<XBSP>","2024-02-28",130155.43
"IBOV<XBSP>","2024-02-29",129020.02
"IBOV<XBSP>","2024-03-01",129180.37
"IBOV<XBSP>","2024-03-04",128340.54
"IBOV<XBSP>","2024-03-05",128098.11
"IBOV<XBSP>","2024-03-06",128890.23
"IBOV<XBSP>","2024-03-07",128339.76
"IBOV<XBSP>","2024-03-08",127070.79
"IBOV<XBSP>","2024-03-11",126123.56
"IBOV<XBSP>","2024-03-12",127667.84
"IBOV<XBSP>","2024-03-13",128006.05
"IBOV<XBSP>","2024-03-14",127689.97
"IBOV<XBSP>","2024-03-15",126741.81
"IBOV<XBSP>","2024-03-18",126954.18
"IBOV<XBSP>","2024-03-19",127528.85
"IBOV<XBSP>","2024-03-20",129124.83
"IBOV<XBSP>","2024-03-21",128158.57
"IBOV<XBSP>","2024-03-22",127027.1
"IBOV<XBSP>","2024-03-25",126931.47
"IBOV<XBSP>","2024-03-26",126863.02
"IBOV<XBSP>","2024-03-27",127690.62
"IBOV<XBSP>","2024-03-28",128106.1
"IBOV<XBSP>","2024-03-29","-"
"IBOV<XBSP>","2024-04-01",126990.45
"IBOV<XBSP>","2024-04-02",127548.52
"IBOV<XBSP>","2024-04-03",127318.39
"IBOV<XBSP>","2024-04-04",127427.53
"IBOV<XBSP>","2024-04-05",126795.41
"IBOV<XBSP>","2024-04-08",128857.16
"IBOV<XBSP>","2024-04-09",129890.37
"IBOV<XBSP>","2024-04-10",128053.74
"IBOV<XBSP>","2024-04-11",127396.35
"IBOV<XBSP>","2024-04-12",125946.09
"IBOV<XBSP>","2024-04-15",125333.89
"IBOV<XBSP>","2024-04-16",124388.62
"IBOV<XBSP>","2024-04-17",124171.15
"IBOV<XBSP>","2024-04-18",124196.18
"IBOV<XBSP>","2024-04-19",125124.3
"IBOV<XBSP>","2024-04-22",125573.16
"IBOV<XBSP>","2024-04-23",125148.07
"IBOV<XBSP>","2024-04-24",124740.69
"IBOV<XBSP>","2024-04-25",124645.58
"IBOV<XBSP>","2024-04-26",126526.27
"IBOV<XBSP>","2024-04-29",127351.79
"IBOV<XBSP>","2024-04-30",125924.19
"IBOV<XBSP>","2024-05-01","-"
"IBOV<XBSP>","2024-05-02",127122.25
"IBOV<XBSP>","2024-05-03",128508.67
"IBOV<XBSP>","2024-05-06",128465.69
"IBOV<XBSP>","2024-05-07",129210.48
"IBOV<XBSP>","2024-05-08",129480.89
"IBOV<XBSP>","2024-05-09",128188.34
"IBOV<XBSP>","2024-05-10",127599.57
"IBOV<XBSP>","2024-05-13",128154.79
"IBOV<XBSP>","2024-05-14",128515.49
"IBOV<XBSP>","2024-05-15",128027.59
"IBOV<XBSP>","2024-05-16",128283.62
"IBOV<XBSP>","2024-05-17",128150.71
"IBOV<XBSP>","2024-05-20",127750.92
"IBOV<XBSP>","2024-05-21",127411.55
"IBOV<XBSP>","2024-05-22",125650.03
"IBOV<XBSP>","2024-05-23",124729.4
"IBOV<XBSP>","2024-05-24",124305.57
"IBOV<XBSP>","2024-05-27",124495.68
"IBOV<XBSP>","2024-05-28",123779.54
"IBOV<XBSP>","2024-05-29",122707.28
"IBOV<XBSP>","2024-05-30","-"
"IBOV<XBSP>","2024-05-31",122098.09
"IBOV<XBSP>","2024-06-03",122031.58
"IBOV<XBSP>","2024-06-04",121802.06
"IBOV<XBSP>","2024-06-05",121407.33
"IBOV<XBSP>","2024-06-06",122898.8
"IBOV<XBSP>","2024-06-07",120767.19
"IBOV<XBSP>","2024-06-10",120759.51
"IBOV<XBSP>","2024-06-11",121635.06
"IBOV<XBSP>","2024-06-12",119936.02
"IBOV<XBSP>","2024-06-13",119567.53
"IBOV<XBSP>","2024-06-14",119662.38
"IBOV<XBSP>","2024-06-17",119137.86
"IBOV<XBSP>","2024-06-18",119630.44
"IBOV<XBSP>","2024-06-19",120261.34
"IBOV<XBSP>","2024-06-20",120445.91
"IBOV<XBSP>","2024-06-21",121341.13
"IBOV<XBSP>","2024-06-24",122636.96
"IBOV<XBSP>","2024-06-25",122331.39
"IBOV<XBSP>","2024-06-26",122641.3
"IBOV<XBSP>","2024-06-27",124307.83
"IBOV<XBSP>","2024-06-28",123906.55
"IBOV<XBSP>","2024-07-01",124718.07
"IBOV<XBSP>","2024-07-02",124787.08
"IBOV<XBSP>","2024-07-03",125661.89
"IBOV<XBSP>","2024-07-04",126163.98
"IBOV<XBSP>","2024-07-05",126267.05
"IBOV<XBSP>","2024-07-08",126548.34
"IBOV<XBSP>","2024-07-09",127108.22
"IBOV<XBSP>","2024-07-10",127218.24
"IBOV<XBSP>","2024-07-11",128293.61
"IBOV<XBSP>","2024-07-12",128896.98
"IBOV<XBSP>","2024-07-15",129320.96
"IBOV<XBSP>","2024-07-16",129110.38
"IBOV<XBSP>","2024-07-17",129450.32
"IBOV<XBSP>","2024-07-18",127652.06
"IBOV<XBSP>","2024-07-19",127616.46
"IBOV<XBSP>","2024-07-22",127859.63
"IBOV<XBSP>","2024-07-23",126589.84
"IBOV<XBSP>","2024-07-24",126422.73
"IBOV<XBSP>","2024-07-25",125954.09
"IBOV<XBSP>","2024-07-26",127492.49
"IBOV<XBSP>","2024-07-29",126953.86
"IBOV<XBSP>","2024-07-30",126139.21
"IBOV<XBSP>","2024-07-31",127651.81
"IBOV<XBSP>","2024-08-01",127395.1
"IBOV<XBSP>","2024-08-02",125854.09
"IBOV<XBSP>","2024-08-05",125269.54
"IBOV<XBSP>","2024-08-06",126266.7
"IBOV<XBSP>","2024-08-07",127513.88
"IBOV<XBSP>","2024-08-08",128660.88
"IBOV<XBSP>","2024-08-09",130614.59
"IBOV<XBSP>","2024-08-12",131115.9
"IBOV<XBSP>","2024-08-13",132397.97
"IBOV<XBSP>","2024-08-14",133317.66
"IBOV<XBSP>","2024-08-15",134153.42
"IBOV<XBSP>","2024-08-16",133953.25
"IBOV<XBSP>","2024-08-19",135777.98
"IBOV<XBSP>","2024-08-20",136087.41
"IBOV<XBSP>","2024-08-21",136463.65
"IBOV<XBSP>","2024-08-22",135173.39
"IBOV<XBSP>","2024-08-23",135608.47
"IBOV<XBSP>","2024-08-26",136888.71
"IBOV<XBSP>","2024-08-27",136775.91
"IBOV<XBSP>","2024-08-28",137343.96
"IBOV<XBSP>","2024-08-29",136041.35
"IBOV<XBSP>","2024-08-30",136004.01
"IBOV<XBSP>","2024-09-02",134906.07
"IBOV<XBSP>","2024-09-03",134353.48
"IBOV<XBSP>","2024-09-04",136110.73
"IBOV<XBSP>","2024-09-05",136502.49
"IBOV<XBSP>","2024-09-06",134572.45
"IBOV<XBSP>","2024-09-09",134737.21
"IBOV<XBSP>","2024-09-10",134319.58
"IBOV<XBSP>","2024-09-11",134676.75
"IBOV<XBSP>","2024-09-12",134029.43
"IBOV<XBSP>","2024-09-13",134881.95
"IBOV<XBSP>","2024-09-16",135118.22
"IBOV<XBSP>","2024-09-17",134960.19
"IBOV<XBSP>","2024-09-18",133747.69
"IBOV<XBSP>","2024-09-19",133122.67
"IBOV<XBSP>","2024-09-20",131065.44
"IBOV<XBSP>","2024-09-23",130568.37
"IBOV<XBSP>","2024-09-24",132155.76
"IBOV<XBSP>","2024-09-25",131586.45
"IBOV<XBSP>","2024-09-26",133009.78
"IBOV<XBSP>","2024-09-27",132730.36
"IBOV<XBSP>","2024-09-30",131816.44
"IBOV<XBSP>","2024-10-01",132495.16
"IBOV<XBSP>","2024-10-02",133514.94
"IBOV<XBSP>","2024-10-03",131671.51
"IBOV<XBSP>","2024-10-04",131791.55
"IBOV<XBSP>","2024-10-07",132017.84
"IBOV<XBSP>","2024-10-08",131511.73
"IBOV<XBSP>","2024-10-09",129962.06
"IBOV<XBSP>","2024-10-10",130352.86
"IBOV<XBSP>","2024-10-11",129992.29
"IBOV<XBSP>","2024-10-14",131005.25
"IBOV<XBSP>","2024-10-15",131043.27
"IBOV<XBSP>","2024-10-16",131749.72
"IBOV<XBSP>","2024-10-17",130793.41
"IBOV<XBSP>","2024-10-18",130499.26
"IBOV<XBSP>","2024-10-21",130361.56
"IBOV<XBSP>","2024-10-22",129951.37
"IBOV<XBSP>","2024-10-23",129233.11
"IBOV<XBSP>","2024-10-24",130066.95
"IBOV<XBSP>","2024-10-25",129893.32
"IBOV<XBSP>","2024-10-28",131212.58
"IBOV<XBSP>","2024-10-29",130729.93
"IBOV<XBSP>","2024-10-30",130639.33
"IBOV<XBSP>","2024-10-31",129713.33
"IBOV<XBSP>","2024-11-01",128120.75
"IBOV<XBSP>","2024-11-04",130514.79
"IBOV<XBSP>","2024-11-05",130660.75
"IBOV<XBSP>","2024-11-06",130340.92
"IBOV<XBSP>","2024-11-07",129681.7
"IBOV<XBSP>","2024-11-08",127829.8
"IBOV<XBSP>","2024-11-11",127873.7
"IBOV<XBSP>","2024-11-12",127698.32
"IBOV<XBSP>","2024-11-13",127733.88
"IBOV<XBSP>","2024-11-14",127791.6
"IBOV<XBSP>","2024-11-15","-"
"IBOV<XBSP>","2024-11-18",127768.19
"IBOV<XBSP>","2024-11-19",128197.25
"IBOV<XBSP>","2024-11-20","-"
"IBOV<XBSP>","2024-11-21",126922.11
"IBOV<XBSP>","2024-11-22",129125.51
"IBOV<XBSP>","2024-11-25",129036.1
"IBOV<XBSP>","2024-11-26",129922.38
"IBOV<XBSP>","2024-11-27",127668.61
"IBOV<XBSP>","2024-11-28",124610.41
"IBOV<XBSP>","2024-11-29",125667.83
"IBOV<XBSP>","2024-12-02",125235.54
"IBOV<XBSP>","2024-12-03",126139.2
"IBOV<XBSP>","2024-12-04",126087.02
"IBOV<XBSP>","2024-12-05",127857.58
"IBOV<XBSP>","2024-12-06",125945.67
"IBOV<XBSP>","2024-12-09",127210.19
"IBOV<XBSP>","2024-12-10",128228.49
"IBOV<XBSP>","2024-12-11",129593.31
"IBOV<XBSP>","2024-12-12",126042.21
"IBOV<XBSP>","2024-12-13",124612.22
"IBOV<XBSP>","2024-12-16",123560.06
"IBOV<XBSP>","2024-12-17",124698.04
"IBOV<XBSP>","2024-12-18",120771.88
"IBOV<XBSP>","2024-12-19",121187.91
"IBOV<XBSP>","2024-12-20",122102.15
"IBOV<XBSP>","2024-12-23",120766.57
"IBOV<XBSP>","2024-12-24","-"
"IBOV<XBSP>","2024-12-25","-"
"IBOV<XBSP>","2024-12-26",121077.5
"IBOV<XBSP>","2024-12-27",120269.31
"IBOV<XBSP>","2024-12-30",120283.4
"IBOV<XBSP>","2024-12-31","-"
"IBOV<XBSP>","2025-01-01","-"
"IBOV<XBSP>","2025-01-02",120125.39
"IBOV<XBSP>","2025-01-03",118532.68
"IBOV<XBSP>","2025-01-06",120021.52
"IBOV<XBSP>","2025-01-07",121162.66
"IBOV<XBSP>","2025-01-08",119624.51
"IBOV<XBSP>","2025-01-09",119780.56
"IBOV<XBSP>","2025-01-10",118856.48
"IBOV<XBSP>","2025-01-13",119006.93
"IBOV<XBSP>","2025-01-14",119298.67
"IBOV<XBSP>","2025-01-15",122650.2
"IBOV<XBSP>","2025-01-16",121234.14
"IBOV<XBSP>","2025-01-17",122350.38
"IBOV<XBSP>","2025-01-20",122855.15
"IBOV<XBSP>","2025-01-21",123338.34
"IBOV<XBSP>","2025-01-22",122971.77
"IBOV<XBSP>","2025-01-23",122483.32
"IBOV<XBSP>","2025-01-24",122446.94
"IBOV<XBSP>","2025-01-27",124861.5
"IBOV<XBSP>","2025-01-28",124055.5
"IBOV<XBSP>","2025-01-29",123432.12
"IBOV<XBSP>","2025-01-30",126912.78
"IBOV<XBSP>","2025-01-31",126134.94
"IBOV<XBSP>","2025-02-03",125970.46
"IBOV<XBSP>","2025-02-04",125147.42
"IBOV<XBSP>","2025-02-05",125534.07
"IBOV<XBSP>","2025-02-06",126224.74
"IBOV<XBSP>","2025-02-07",124619.4
"IBOV<XBSP>","2025-02-10",125571.81
"IBOV<XBSP>","2025-02-11",126521.66
"IBOV<XBSP>","2025-02-12",124380.21
"IBOV<XBSP>","2025-02-13",124850.18
"IBOV<XBSP>","2025-02-14",128218.59
"IBOV<XBSP>","2025-02-17",128552.13
"IBOV<XBSP>","2025-02-18",128531.71
"IBOV<XBSP>","2025-02-19",127308.8
"IBOV<XBSP>","2025-02-20",127600.58
"IBOV<XBSP>","2025-02-21",127128.06
"IBOV<XBSP>","2025-02-24",125401.38
"IBOV<XBSP>","2025-02-25",125979.5
"IBOV<XBSP>","2025-02-26",124768.71
"IBOV<XBSP>","2025-02-27",124798.96
"IBOV<XBSP>","2025-02-28",122799.09
"IBOV<XBSP>","2025-03-03","-"
"IBOV<XBSP>","2025-03-04","-"
"IBOV<XBSP>","2025-03-05",123046.85
"IBOV<XBSP>","2025-03-06",123357.55
"IBOV<XBSP>","2025-03-07",125034.63
"IBOV<XBSP>","2025-03-10",124519.38
"IBOV<XBSP>","2025-03-11",123507.35
"IBOV<XBSP>","2025-03-12",123863.5
"IBOV<XBSP>","2025-03-13",125637.11
"IBOV<XBSP>","2025-03-14",128957.09
"IBOV<XBSP>","2025-03-17",130833.96
"IBOV<XBSP>","2025-03-18",131474.73
"IBOV<XBSP>","2025-03-19",132508.45
"IBOV<XBSP>","2025-03-20",131954.9
"IBOV<XBSP>","2025-03-21",132344.88
"IBOV<XBSP>","2025-03-24",131321.44
"IBOV<XBSP>","2025-03-25",132067.69
"IBOV<XBSP>","2025-03-26",132519.63
"IBOV<XBSP>","2025-03-27",133148.75
"IBOV<XBSP>","2025-03-28",131902.18
"IBOV<XBSP>","2025-03-31",130259.54
"IBOV<XBSP>","2025-04-01",131147.29
"IBOV<XBSP>","2025-04-02",131190.34
"IBOV<XBSP>","2025-04-03",131140.65
"IBOV<XBSP>","2025-04-04",127256
"IBOV<XBSP>","2025-04-07",125588.09
"IBOV<XBSP>","2025-04-08",123931.89
"IBOV<XBSP>","2025-04-09",127795.93
"IBOV<XBSP>","2025-04-10",126354.75
"IBOV<XBSP>","2025-04-11",127682.4
"IBOV<XBSP>","2025-04-14",129453.91
"IBOV<XBSP>","2025-04-15",129245.39
"IBOV<XBSP>","2025-04-16",128316.89
"IBOV<XBSP>","2025-04-17",129650.03
"IBOV<XBSP>","2025-04-18","-"
"IBOV<XBSP>","2025-04-21","-"
"IBOV<XBSP>","2025-04-22",130464.38
"IBOV<XBSP>","2025-04-23",132216.07
"IBOV<XBSP>","2025-04-24",134580.43
"IBOV<XBSP>","2025-04-25",134739.28
"IBOV<XBSP>","2025-04-28",135015.89
"IBOV<XBSP>","2025-04-29",135092.99
"IBOV<XBSP>","2025-04-30",135066.97
"IBOV<XBSP>","2025-05-01","-"
"IBOV<XBSP>","2025-05-02",135133.88
"IBOV<XBSP>","2025-05-05",133491.23
"IBOV<XBSP>","2025-05-06",133515.82
"IBOV<XBSP>","2025-05-07",133397.52
"IBOV<XBSP>","2025-05-08",136231.9
"IBOV<XBSP>","2025-05-09",136511.88
"IBOV<XBSP>","2025-05-12",136563.18
"IBOV<XBSP>","2025-05-13",138963.11
"IBOV<XBSP>","2025-05-14",138422.84
"IBOV<XBSP>","2025-05-15",139334.38
"IBOV<XBSP>","2025-05-16",139187.39
"IBOV<XBSP>","2025-05-19",139636.41
"IBOV<XBSP>","2025-05-20",140109.63
"IBOV<XBSP>","2025-05-21",137881.27
"IBOV<XBSP>","2025-05-22",137272.59
"IBOV<XBSP>","2025-05-23",137824.29
"IBOV<XBSP>","2025-05-26",138136.14
"IBOV<XBSP>","2025-05-27",139541.23
"IBOV<XBSP>","2025-05-28",138887.81
"IBOV<XBSP>","2025-05-29",138533.7
"IBOV<XBSP>","2025-05-30",137026.62
"IBOV<XBSP>","2025-06-02",136786.65
"IBOV<XBSP>","2025-06-03",137546.26
"IBOV<XBSP>","2025-06-04",137001.58
"IBOV<XBSP>","2025-06-05",136236.37
"IBOV<XBSP>","2025-06-06",136102.1
"IBOV<XBSP>","2025-06-09",135699.38
"IBOV<XBSP>","2025-06-10",136436.07
"IBOV<XBSP>","2025-06-11",137128.04
"IBOV<XBSP>","2025-06-12",137799.74
"IBOV<XBSP>","2025-06-13",137212.63
"IBOV<XBSP>","2025-06-16",139255.91
"IBOV<XBSP>","2025-06-17",138840.02
"IBOV<XBSP>","2025-06-18",138716.64
"IBOV<XBSP>","2025-06-19","-"
"IBOV<XBSP>","2025-06-20",137115.83
"IBOV<XBSP>","2025-06-23",136550.5
"IBOV<XBSP>","2025-06-24",137164.61
"IBOV<XBSP>","2025-06-25",135767.29
"IBOV<XBSP>","2025-06-26",137113.89
"IBOV<XBSP>","2025-06-27",136865.79
"IBOV<XBSP>","2025-06-30",138854.6
"IBOV<XBSP>","2025-07-01",139549.43
"IBOV<XBSP>","2025-07-02",139050.93
"IBOV<XBSP>","2025-07-03",140927.86
"IBOV<XBSP>","2025-07-04",141263.56
"IBOV<XBSP>","2025-07-07",139489.7
"IBOV<XBSP>","2025-07-08",139302.85
"IBOV<XBSP>","2025-07-09",137480.79
"IBOV<XBSP>","2025-07-10",136743.26
"IBOV<XBSP>","2025-07-11",136187.31
"IBOV<XBSP>","2025-07-14",135298.99
"IBOV<XBSP>","2025-07-15",135250.1
"IBOV<XBSP>","2025-07-16",135510.99
"IBOV<XBSP>","2025-07-17",135564.74
"IBOV<XBSP>","2025-07-18",133381.58
"IBOV<XBSP>","2025-07-21",134166.72
"IBOV<XBSP>","2025-07-22",134035.72
"IBOV<XBSP>","2025-07-23",135368.27
"IBOV<XBSP>","2025-07-24",133807.59
"IBOV<XBSP>","2025-07-25",133524.18
"IBOV<XBSP>","2025-07-28",132129.26
"IBOV<XBSP>","2025-07-29",132725.68
"IBOV<XBSP>","2025-07-30",133989.74
"IBOV<XBSP>","2025-07-31",133071.05
"IBOV<XBSP>","2025-08-01",132437.39
"IBOV<XBSP>","2025-08-04",132971.2
"IBOV<XBSP>","2025-08-05",133151.3
"IBOV<XBSP>","2025-08-06",134537.62
"IBOV<XBSP>","2025-08-07",136527.61
"IBOV<XBSP>","2025-08-08",135913.25
"IBOV<XBSP>","2025-08-11",135623.15
"IBOV<XBSP>","2025-08-12",137913.68
"IBOV<XBSP>","2025-08-13",136687.32
"IBOV<XBSP>","2025-08-14",136355.78
"IBOV<XBSP>","2025-08-15",136340.77
"IBOV<XBSP>","2025-08-18",137321.64
"IBOV<XBSP>","2025-08-19",134432.26
"IBOV<XBSP>","2025-08-20",134666.46
"IBOV<XBSP>","2025-08-21",134510.85
"IBOV<XBSP>","2025-08-22",137968.15
"IBOV<XBSP>","2025-08-25",138025.17
"IBOV<XBSP>","2025-08-26",137771.39
"IBOV<XBSP>","2025-08-27",139205.81
"IBOV<XBSP>","2025-08-28",141049.2
"IBOV<XBSP>","2025-08-29",141422.26
"IBOV<XBSP>","2025-09-01",141283.01
"IBOV<XBSP>","2025-09-02",140335.16
"IBOV<XBSP>","2025-09-03",139863.63
"IBOV<XBSP>","2025-09-04",140993.25
"IBOV<XBSP>","2025-09-05",142640.14
"IBOV<XBSP>","2025-09-08",141791.58
"IBOV<XBSP>","2025-09-09",141618.29
"IBOV<XBSP>","2025-09-10",142348.7
"IBOV<XBSP>","2025-09-11",143150.84
"IBOV<XBSP>","2025-09-12",142271.58
"IBOV<XBSP>","2025-09-15",143546.58
"IBOV<XBSP>","2025-09-16",144061.74
"IBOV<XBSP>","2025-09-17",145593.63
"IBOV<XBSP>","2025-09-18",145499.49
"IBOV<XBSP>","2025-09-19",145865.11
"IBOV<XBSP>","2025-09-22",145109.25
"IBOV<XBSP>","2025-09-23",146424.94
"IBOV<XBSP>","2025-09-24",146491.75
"IBOV<XBSP>","2025-09-25",145306.23
"IBOV<XBSP>","2025-09-26",145446.66
"IBOV<XBSP>","2025-09-29",146336.8
"IBOV<XBSP>","2025-09-30",146237.02
"IBOV<XBSP>","2025-10-01",145517.35
"IBOV<XBSP>","2025-10-02",143949.64
"IBOV<XBSP>","2025-10-03",144200.65
"IBOV<XBSP>","2025-10-06",143608.08
"IBOV<XBSP>","2025-10-07",141356.43
"IBOV<XBSP>","2025-10-08",142145.38
"IBOV<XBSP>","2025-10-09",141708.19
"IBOV<XBSP>","2025-10-10",140680.34
"IBOV<XBSP>","2025-10-13",141783.36
"IBOV<XBSP>","2025-10-14",141682.99
"IBOV<XBSP>","2025-10-15",142603.66
"IBOV<XBSP>","2025-10-16",142200.02
"IBOV<XBSP>","2025-10-17",143398.63
"IBOV<XBSP>","2025-10-20",144509.32
"IBOV<XBSP>","2025-10-21",144085.15
"IBOV<XBSP>","2025-10-22",144872.79
"IBOV<XBSP>","2025-10-23",145720.98
"IBOV<XBSP>","2025-10-24",146172.21
"IBOV<XBSP>","2025-10-27",146969.1
"IBOV<XBSP>","2025-10-28",147428.9
"IBOV<XBSP>","2025-10-29",148632.93
"IBOV<XBSP>","2025-10-30",148780.22
"IBOV<XBSP>","2025-10-31",149540.43
"IBOV<XBSP>","2025-11-03",150454.24
"IBOV<XBSP>","2025-11-04",150704.2
"IBOV<XBSP>","2025-11-05",153294.44
"IBOV<XBSP>","2025-11-06",153338.63
"IBOV<XBSP>","2025-11-07",154063.53
"IBOV<XBSP>","2025-11-10",155257.31
"IBOV<XBSP>","2025-11-11",157748.6
"IBOV<XBSP>","2025-11-12",157632.9
"IBOV<XBSP>","2025-11-13",157162.43
"IBOV<XBSP>","2025-11-14",157738.69
"IBOV<XBSP>","2025-11-17",156992.93
"IBOV<XBSP>","2025-11-18",156522.13
"IBOV<XBSP>","2025-11-19",155380.66
"IBOV<XBSP>","2025-11-20","-"
"IBOV<XBSP>","2025-11-21",154770.1
"IBOV<XBSP>","2025-11-24",155277.56
"IBOV<XBSP>","2025-11-25",155910.18
"IBOV<XBSP>","2025-11-26",158554.94
"IBOV<XBSP>","2025-11-27",158359.76
"IBOV<XBSP>","2025-11-28",159072.13
"IBOV<XBSP>","2025-12-01",158611.01
"IBOV<XBSP>","2025-12-02",161092.25
"IBOV<XBSP>","2025-12-03",161755.18
"IBOV<XBSP>","2025-12-04",164455.61
"IBOV<XBSP>","2025-12-05",157369.36
"IBOV<XBSP>","2025-12-08",158187.43
"IBOV<XBSP>","2025-12-09",157981.13
"IBOV<XBSP>","2025-12-10",159074.97
"IBOV<XBSP>","2025-12-11",159189.1
"IBOV<XBSP>","2025-12-12",160766.37
"IBOV<XBSP>","2025-12-15",162481.74
"IBOV<XBSP>","2025-12-16",158577.88
"IBOV<XBSP>","2025-12-17",157327.26
"IBOV<XBSP>","2025-12-18",157923.34
"IBOV<XBSP>","2025-12-19",158473.02
"IBOV<XBSP>","2025-12-22",158141.65
"IBOV<XBSP>","2025-12-23",160455.83
"IBOV<XBSP>","2025-12-24","-"
"IBOV<XBSP>","2025-12-25","-"
"IBOV<XBSP>","2025-12-26",160896.64
"IBOV<XBSP>","2025-12-29",160490.3
"IBOV<XBSP>","2025-12-30",161125.37
"IBOV<XBSP>","2025-12-31","-"
"IBOV<XBSP>","2026-01-01","-"
"IBOV<XBSP>","2026-01-02",160538.69
"IBOV<XBSP>","2026-01-05",161869.76
"IBOV<XBSP>","2026-01-06",163663.88
"IBOV<XBSP>","2026-01-07",161975.24
"IBOV<XBSP>","2026-01-08",162936.48
"IBOV<XBSP>","2026-01-09",163370.31
"IBOV<XBSP>","2026-01-12",163150.35
"IBOV<XBSP>","2026-01-13",161973.05
"IBOV<XBSP>","2026-01-14",165145.98
"IBOV<XBSP>","2026-01-15",165568.32
"IBOV<XBSP>","2026-01-16",164799.98
"IBOV<XBSP>","2026-01-19",164849.27
"IBOV<XBSP>","2026-01-20",166276.9
"IBOV<XBSP>","2026-01-21",171816.67
"IBOV<XBSP>","2026-01-22",175589.35
"IBOV<XBSP>","2026-01-23",178858.54
"IBOV<XBSP>","2026-01-26",178720.68
"IBOV<XBSP>","2026-01-27",181919.13
"IBOV<XBSP>","2026-01-28",184691.05
"IBOV<XBSP>","2026-01-29",183133.75
"IBOV<XBSP>","2026-01-30",181363.9
"IBOV<XBSP>","2026-02-02",182793.4
"IBOV<XBSP>","2026-02-03",185674.43
"IBOV<XBSP>","2026-02-04",181708.23
"IBOV<XBSP>","2026-02-05",182127.25
"IBOV<XBSP>","2026-02-06",182949.78
"IBOV<XBSP>","2026-02-09",186241.15
"IBOV<XBSP>","2026-02-10",185929.33
"IBOV<XBSP>","2026-02-11",189699.12
"IBOV<XBSP>","2026-02-12",187766.42
"IBOV<XBSP>","2026-02-13",186464.3
"IBOV<XBSP>","2026-02-16","-"
"IBOV<XBSP>","2026-02-17","-"
"IBOV<XBSP>","2026-02-18",186016.31
"IBOV<XBSP>","2026-02-19",188534.42
"IBOV<XBSP>","2026-02-20",190534.42
"IBOV<XBSP>","2026-02-23",188853.49
"IBOV<XBSP>","2026-02-24",191490.4
"IBOV<XBSP>","2026-02-25",191247.46
"IBOV<XBSP>","2026-02-26",191005.02
"IBOV<XBSP>","2026-02-27",188786.98
"IBOV<XBSP>","2026-03-02",189307.02
"IBOV<XBSP>","2026-03-03",183104.87
"IBOV<XBSP>","2026-03-04",185366.44
"IBOV<XBSP>","2026-03-05",180463.84
"IBOV<XBSP>","2026-03-06",179364.82
"IBOV<XBSP>","2026-03-09",180915.36
"IBOV<XBSP>","2026-03-10",183447
"IBOV<XBSP>","2026-03-11",183969.35
"IBOV<XBSP>","2026-03-12",179284.49
"IBOV<XBSP>","2026-03-13",177653.31
"IBOV<XBSP>","2026-03-16",179875.44
"IBOV<XBSP>","2026-03-17",180409.73
"IBOV<XBSP>","2026-03-18",179639.91
"IBOV<XBSP>","2026-03-19",180270.62
"IBOV<XBSP>","2026-03-20",176219.4
"IBOV<XBSP>","2026-03-23",181931.93
"IBOV<XBSP>","2026-03-24",182509.14
"IBOV<XBSP>","2026-03-25",185424.28
"IBOV<XBSP>","2026-03-26",182732.67
"IBOV<XBSP>","2026-03-27",181556.76
"IBOV<XBSP>","2026-03-30",182514.2
"IBOV<XBSP>","2026-03-31",187461.84
"IBOV<XBSP>","2026-04-01",187952.91
"IBOV<XBSP>","2026-04-02",188052.02
